from_id,Cumberland Centre (Plymouth),Dawlish Community Hospital,Derriford Hospital (UTC),Exmouth Minor Injury Unit,Honiton Hospital,Ilfracombe & District Tyrrell Hospital,NHS Walk in Centre (Exeter),Newton Abbot Community Hospital,North Devon District Hospital,South Hams Hospital (Kingsbridge),South Molton Hospital,Tavistock Hospital,Tiverton & District Hospital,Totnes Community Hospital,Victoria Hospital (Sidmouth)
East Devon 001A,75.0,44.0,70.0,38.0,16.0,86.0,35.0,47.0,77.0,71.0,55.0,72.0,34.0,56.0,29.0
East Devon 001B,71.0,40.0,66.0,33.0,12.0,92.0,31.0,43.0,83.0,67.0,61.0,67.0,40.0,52.0,27.0
East Devon 001C,83.0,52.0,77.0,45.0,25.0,104.0,43.0,55.0,94.0,79.0,72.0,79.0,52.0,64.0,39.0
East Devon 002A,67.0,36.0,61.0,29.0,3.0,84.0,27.0,39.0,75.0,63.0,53.0,63.0,33.0,48.0,19.0
East Devon 002B,67.0,36.0,61.0,29.0,5.0,82.0,27.0,39.0,73.0,63.0,51.0,63.0,30.0,48.0,19.0
East Devon 002C,65.0,35.0,60.0,28.0,6.0,84.0,26.0,37.0,75.0,61.0,53.0,62.0,33.0,47.0,20.0
East Devon 002D,68.0,37.0,63.0,31.0,6.0,87.0,28.0,40.0,78.0,64.0,56.0,65.0,35.0,50.0,23.0
East Devon 003A,66.0,35.0,60.0,28.0,5.0,85.0,26.0,38.0,76.0,62.0,54.0,62.0,33.0,47.0,18.0
East Devon 003B,70.0,39.0,64.0,32.0,5.0,87.0,30.0,42.0,78.0,66.0,56.0,66.0,36.0,51.0,20.0
East Devon 003C,68.0,37.0,62.0,30.0,7.0,87.0,28.0,39.0,78.0,63.0,56.0,64.0,36.0,49.0,18.0
East Devon 003D,69.0,38.0,64.0,31.0,6.0,89.0,29.0,41.0,79.0,65.0,58.0,66.0,37.0,50.0,18.0
East Devon 004A,64.0,34.0,59.0,27.0,15.0,84.0,25.0,36.0,75.0,60.0,53.0,61.0,32.0,46.0,27.0
East Devon 004D,70.0,39.0,64.0,32.0,11.0,78.0,30.0,42.0,69.0,66.0,47.0,66.0,26.0,51.0,24.0
East Devon 004E,74.0,43.0,68.0,39.0,22.0,80.0,34.0,46.0,71.0,69.0,49.0,70.0,28.0,55.0,35.0
East Devon 004F,64.0,33.0,59.0,26.0,18.0,87.0,23.0,36.0,78.0,60.0,56.0,61.0,31.0,45.0,27.0
East Devon 004G,62.0,31.0,57.0,24.0,12.0,86.0,22.0,34.0,76.0,58.0,54.0,58.0,34.0,43.0,24.0
East Devon 005A,83.0,52.0,78.0,45.0,22.0,102.0,43.0,55.0,93.0,79.0,71.0,80.0,50.0,64.0,29.0
East Devon 005B,80.0,49.0,75.0,42.0,19.0,99.0,40.0,52.0,90.0,76.0,68.0,77.0,47.0,61.0,26.0
East Devon 005C,79.0,48.0,73.0,41.0,18.0,98.0,39.0,51.0,89.0,75.0,67.0,75.0,46.0,60.0,25.0
East Devon 005D,80.0,49.0,74.0,42.0,18.0,99.0,40.0,51.0,89.0,75.0,67.0,76.0,47.0,61.0,24.0
East Devon 005E,90.0,60.0,85.0,53.0,29.0,109.0,51.0,62.0,100.0,86.0,78.0,87.0,58.0,72.0,36.0
East Devon 006A,65.0,34.0,60.0,31.0,25.0,80.0,19.0,37.0,71.0,61.0,49.0,62.0,24.0,47.0,33.0
East Devon 006B,61.0,31.0,56.0,27.0,23.0,82.0,16.0,33.0,73.0,57.0,51.0,58.0,26.0,43.0,31.0
East Devon 006C,62.0,31.0,57.0,27.0,26.0,86.0,22.0,34.0,77.0,58.0,55.0,58.0,34.0,43.0,31.0
East Devon 006D,69.0,38.0,63.0,35.0,37.0,79.0,14.0,41.0,70.0,64.0,48.0,61.0,23.0,50.0,41.0
East Devon 007A,81.0,51.0,76.0,37.0,20.0,100.0,42.0,53.0,91.0,77.0,69.0,78.0,49.0,63.0,18.0
East Devon 007B,82.0,51.0,77.0,36.0,21.0,101.0,42.0,54.0,92.0,78.0,70.0,78.0,49.0,63.0,18.0
East Devon 007C,78.0,47.0,73.0,40.0,17.0,97.0,38.0,50.0,88.0,74.0,66.0,75.0,45.0,59.0,29.0
East Devon 007D,83.0,52.0,78.0,42.0,22.0,102.0,43.0,55.0,93.0,79.0,71.0,80.0,50.0,64.0,23.0
East Devon 007E,86.0,55.0,80.0,44.0,25.0,105.0,46.0,58.0,96.0,81.0,74.0,82.0,53.0,67.0,26.0
East Devon 008A,62.0,32.0,57.0,18.0,18.0,86.0,23.0,34.0,77.0,58.0,55.0,59.0,34.0,44.0,19.0
East Devon 008B,67.0,36.0,61.0,22.0,23.0,90.0,27.0,39.0,81.0,62.0,59.0,63.0,39.0,48.0,12.0
East Devon 008C,63.0,33.0,58.0,25.0,18.0,87.0,24.0,35.0,78.0,59.0,56.0,60.0,35.0,45.0,18.0
East Devon 008D,67.0,36.0,62.0,29.0,16.0,91.0,27.0,39.0,82.0,63.0,60.0,64.0,39.0,49.0,18.0
East Devon 008E,67.0,36.0,61.0,29.0,15.0,90.0,27.0,39.0,81.0,62.0,59.0,63.0,39.0,48.0,20.0
East Devon 009A,82.0,51.0,77.0,36.0,26.0,107.0,42.0,54.0,97.0,78.0,76.0,79.0,55.0,63.0,18.0
East Devon 009B,75.0,44.0,69.0,37.0,12.0,94.0,35.0,47.0,84.0,70.0,63.0,71.0,42.0,56.0,29.0
East Devon 009C,73.0,42.0,68.0,27.0,19.0,98.0,34.0,45.0,89.0,69.0,67.0,70.0,47.0,55.0,7.0
East Devon 010A,81.0,51.0,76.0,35.0,26.0,106.0,42.0,53.0,97.0,77.0,75.0,78.0,54.0,63.0,17.0
East Devon 010B,83.0,52.0,77.0,37.0,27.0,107.0,43.0,55.0,98.0,78.0,76.0,79.0,55.0,64.0,18.0
East Devon 010C,81.0,50.0,75.0,35.0,25.0,105.0,41.0,53.0,96.0,76.0,74.0,77.0,53.0,62.0,16.0
East Devon 010D,81.0,50.0,75.0,35.0,25.0,105.0,41.0,53.0,96.0,77.0,74.0,77.0,54.0,62.0,16.0
East Devon 010E,82.0,51.0,77.0,36.0,27.0,107.0,43.0,54.0,98.0,78.0,76.0,79.0,55.0,64.0,18.0
East Devon 011A,70.0,40.0,65.0,25.0,18.0,96.0,31.0,42.0,87.0,66.0,65.0,67.0,44.0,52.0,5.0
East Devon 011B,69.0,38.0,63.0,23.0,19.0,94.0,29.0,41.0,85.0,65.0,63.0,65.0,42.0,50.0,6.0
East Devon 011C,69.0,39.0,64.0,23.0,22.0,95.0,30.0,41.0,85.0,65.0,64.0,66.0,43.0,51.0,6.0
East Devon 011D,70.0,40.0,65.0,24.0,18.0,96.0,31.0,42.0,87.0,66.0,65.0,67.0,44.0,52.0,3.0
East Devon 012A,71.0,40.0,65.0,22.0,20.0,96.0,31.0,43.0,87.0,67.0,65.0,67.0,44.0,52.0,1.0
East Devon 012B,71.0,40.0,65.0,21.0,22.0,96.0,31.0,43.0,87.0,66.0,65.0,67.0,44.0,52.0,2.0
East Devon 012C,69.0,39.0,64.0,23.0,20.0,95.0,30.0,41.0,86.0,65.0,64.0,66.0,43.0,51.0,4.0
East Devon 013A,62.0,31.0,57.0,16.0,23.0,87.0,23.0,34.0,78.0,58.0,56.0,59.0,36.0,44.0,9.0
East Devon 013B,65.0,35.0,60.0,13.0,29.0,91.0,26.0,37.0,81.0,61.0,60.0,62.0,39.0,47.0,14.0
East Devon 013C,59.0,29.0,54.0,12.0,28.0,85.0,20.0,31.0,76.0,55.0,54.0,56.0,33.0,41.0,18.0
East Devon 014A,53.0,22.0,48.0,16.0,23.0,78.0,14.0,25.0,69.0,49.0,47.0,50.0,27.0,35.0,20.0
East Devon 014B,59.0,29.0,54.0,9.0,29.0,85.0,20.0,31.0,76.0,55.0,54.0,56.0,33.0,41.0,20.0
East Devon 014C,63.0,33.0,58.0,10.0,30.0,89.0,24.0,35.0,79.0,59.0,57.0,60.0,37.0,45.0,21.0
East Devon 015A,67.0,37.0,62.0,6.0,32.0,93.0,28.0,39.0,84.0,63.0,62.0,64.0,41.0,49.0,21.0
East Devon 015B,64.0,33.0,59.0,7.0,28.0,89.0,25.0,36.0,80.0,60.0,58.0,61.0,38.0,46.0,18.0
East Devon 015C,65.0,34.0,60.0,7.0,31.0,90.0,26.0,37.0,81.0,61.0,59.0,62.0,39.0,47.0,21.0
East Devon 015D,66.0,35.0,61.0,6.0,30.0,91.0,27.0,38.0,82.0,62.0,60.0,63.0,40.0,48.0,19.0
East Devon 016A,65.0,35.0,60.0,8.0,30.0,91.0,26.0,37.0,81.0,61.0,60.0,62.0,39.0,47.0,20.0
East Devon 016B,64.0,33.0,58.0,5.0,29.0,89.0,24.0,36.0,80.0,59.0,58.0,60.0,37.0,45.0,20.0
East Devon 016C,65.0,34.0,60.0,3.0,32.0,90.0,26.0,37.0,81.0,61.0,59.0,62.0,39.0,47.0,22.0
East Devon 016D,64.0,33.0,59.0,6.0,31.0,89.0,24.0,36.0,80.0,60.0,58.0,61.0,38.0,45.0,22.0
East Devon 017A,69.0,38.0,63.0,12.0,32.0,94.0,29.0,41.0,85.0,65.0,63.0,65.0,42.0,50.0,14.0
East Devon 017B,67.0,37.0,62.0,10.0,31.0,93.0,28.0,39.0,84.0,63.0,62.0,64.0,41.0,49.0,12.0
East Devon 017C,68.0,38.0,63.0,10.0,32.0,94.0,29.0,40.0,85.0,64.0,63.0,65.0,42.0,50.0,16.0
East Devon 017D,70.0,40.0,65.0,12.0,34.0,96.0,31.0,42.0,87.0,66.0,65.0,67.0,44.0,52.0,16.0
East Devon 018A,68.0,37.0,62.0,6.0,31.0,93.0,28.0,40.0,84.0,64.0,62.0,64.0,41.0,49.0,20.0
East Devon 018B,68.0,37.0,62.0,3.0,33.0,93.0,28.0,40.0,84.0,64.0,62.0,64.0,41.0,49.0,22.0
East Devon 018C,67.0,36.0,62.0,4.0,33.0,92.0,28.0,39.0,83.0,63.0,61.0,64.0,41.0,49.0,23.0
East Devon 018D,66.0,35.0,61.0,6.0,31.0,91.0,27.0,38.0,82.0,62.0,60.0,63.0,40.0,48.0,21.0
East Devon 018E,67.0,36.0,62.0,7.0,31.0,92.0,28.0,39.0,83.0,63.0,61.0,64.0,41.0,49.0,20.0
East Devon 019A,67.0,36.0,61.0,2.0,34.0,92.0,27.0,39.0,83.0,63.0,61.0,63.0,40.0,48.0,24.0
East Devon 019B,66.0,35.0,61.0,2.0,33.0,91.0,27.0,38.0,82.0,62.0,60.0,63.0,40.0,48.0,23.0
East Devon 019C,69.0,38.0,63.0,6.0,36.0,94.0,29.0,41.0,85.0,64.0,63.0,65.0,42.0,50.0,26.0
East Devon 019D,66.0,35.0,61.0,2.0,33.0,91.0,27.0,38.0,82.0,62.0,60.0,63.0,40.0,48.0,23.0
East Devon 020A,68.0,38.0,63.0,3.0,35.0,94.0,29.0,40.0,85.0,64.0,63.0,65.0,42.0,50.0,23.0
East Devon 020B,71.0,40.0,66.0,3.0,36.0,96.0,31.0,43.0,87.0,67.0,65.0,68.0,44.0,52.0,24.0
East Devon 020C,68.0,37.0,63.0,4.0,32.0,93.0,29.0,40.0,84.0,64.0,62.0,65.0,42.0,50.0,20.0
East Devon 020D,68.0,38.0,63.0,2.0,33.0,94.0,29.0,40.0,84.0,64.0,62.0,65.0,42.0,50.0,21.0
Exeter 001C,63.0,32.0,57.0,28.0,30.0,81.0,7.0,35.0,72.0,59.0,50.0,56.0,25.0,44.0,34.0
Exeter 001D,61.0,31.0,56.0,28.0,30.0,83.0,5.0,33.0,74.0,57.0,52.0,54.0,26.0,43.0,33.0
Exeter 001E,65.0,34.0,60.0,31.0,34.0,83.0,9.0,37.0,74.0,61.0,52.0,58.0,27.0,46.0,37.0
Exeter 001F,61.0,30.0,55.0,31.0,33.0,87.0,8.0,33.0,74.0,56.0,56.0,54.0,30.0,42.0,36.0
Exeter 002A,65.0,34.0,59.0,29.0,32.0,87.0,13.0,37.0,78.0,60.0,56.0,60.0,31.0,46.0,35.0
Exeter 002B,63.0,32.0,58.0,28.0,30.0,85.0,9.0,35.0,76.0,59.0,54.0,57.0,29.0,45.0,33.0
Exeter 002C,63.0,32.0,58.0,28.0,30.0,85.0,12.0,35.0,76.0,59.0,54.0,59.0,29.0,45.0,33.0
Exeter 002D,64.0,33.0,59.0,29.0,32.0,83.0,10.0,36.0,74.0,60.0,52.0,57.0,27.0,45.0,35.0
Exeter 002E,60.0,30.0,55.0,26.0,28.0,85.0,6.0,32.0,75.0,56.0,53.0,53.0,28.0,42.0,31.0
Exeter 003A,61.0,30.0,56.0,26.0,28.0,85.0,8.0,33.0,76.0,57.0,54.0,55.0,31.0,43.0,31.0
Exeter 003B,60.0,29.0,55.0,25.0,27.0,83.0,12.0,32.0,74.0,56.0,52.0,57.0,27.0,42.0,31.0
Exeter 003C,58.0,28.0,53.0,24.0,25.0,82.0,10.0,30.0,73.0,54.0,51.0,55.0,26.0,40.0,29.0
Exeter 003D,58.0,27.0,53.0,23.0,25.0,82.0,13.0,30.0,73.0,54.0,51.0,55.0,30.0,39.0,29.0
Exeter 003E,59.0,28.0,53.0,24.0,26.0,83.0,8.0,31.0,74.0,55.0,52.0,55.0,30.0,40.0,29.0
Exeter 004A,60.0,29.0,55.0,25.0,28.0,84.0,5.0,32.0,75.0,56.0,53.0,53.0,28.0,41.0,31.0
Exeter 004B,60.0,29.0,55.0,27.0,29.0,83.0,4.0,32.0,74.0,56.0,52.0,53.0,27.0,42.0,32.0
Exeter 004C,59.0,28.0,54.0,25.0,28.0,84.0,2.0,31.0,75.0,55.0,53.0,52.0,28.0,40.0,31.0
Exeter 004D,59.0,28.0,53.0,27.0,29.0,85.0,4.0,31.0,74.0,55.0,54.0,52.0,29.0,40.0,33.0
Exeter 004E,58.0,28.0,53.0,25.0,27.0,83.0,2.0,30.0,74.0,54.0,52.0,51.0,27.0,40.0,30.0
Exeter 005A,59.0,29.0,54.0,31.0,35.0,86.0,11.0,31.0,73.0,55.0,56.0,52.0,31.0,41.0,36.0
Exeter 005B,61.0,30.0,55.0,32.0,36.0,87.0,13.0,33.0,74.0,56.0,58.0,54.0,32.0,42.0,38.0
Exeter 005C,56.0,25.0,51.0,28.0,32.0,86.0,10.0,28.0,72.0,52.0,55.0,49.0,30.0,38.0,33.0
Exeter 005D,57.0,27.0,52.0,29.0,33.0,88.0,12.0,29.0,75.0,53.0,57.0,49.0,33.0,39.0,34.0
Exeter 005E,54.0,24.0,49.0,26.0,30.0,85.0,11.0,26.0,74.0,50.0,54.0,47.0,31.0,36.0,31.0
Exeter 006A,57.0,26.0,52.0,22.0,24.0,81.0,6.0,29.0,72.0,53.0,50.0,52.0,29.0,39.0,27.0
Exeter 006B,58.0,27.0,53.0,23.0,25.0,82.0,7.0,30.0,73.0,54.0,51.0,53.0,30.0,40.0,28.0
Exeter 006C,59.0,29.0,54.0,24.0,26.0,83.0,5.0,31.0,74.0,55.0,52.0,52.0,29.0,41.0,30.0
Exeter 006D,60.0,29.0,54.0,25.0,27.0,84.0,5.0,32.0,75.0,55.0,53.0,53.0,29.0,41.0,30.0
Exeter 006E,59.0,28.0,54.0,24.0,26.0,83.0,7.0,31.0,74.0,55.0,52.0,52.0,30.0,40.0,30.0
Exeter 007A,58.0,27.0,52.0,23.0,25.0,82.0,8.0,30.0,73.0,54.0,51.0,53.0,30.0,39.0,28.0
Exeter 007B,61.0,31.0,56.0,26.0,28.0,85.0,8.0,33.0,76.0,57.0,54.0,55.0,32.0,43.0,32.0
Exeter 007C,58.0,27.0,52.0,22.0,26.0,83.0,9.0,30.0,73.0,54.0,51.0,54.0,30.0,39.0,28.0
Exeter 007D,56.0,25.0,51.0,21.0,25.0,81.0,9.0,28.0,72.0,52.0,50.0,53.0,29.0,37.0,26.0
Exeter 007E,57.0,26.0,51.0,22.0,24.0,81.0,9.0,29.0,71.0,53.0,50.0,53.0,29.0,38.0,27.0
Exeter 008A,58.0,28.0,53.0,24.0,26.0,83.0,4.0,30.0,74.0,54.0,52.0,51.0,30.0,40.0,29.0
Exeter 008B,58.0,27.0,52.0,24.0,26.0,83.0,4.0,29.0,74.0,53.0,52.0,50.0,30.0,39.0,30.0
Exeter 008C,57.0,26.0,51.0,26.0,30.0,86.0,9.0,29.0,76.0,52.0,55.0,49.0,32.0,38.0,31.0
Exeter 008D,57.0,26.0,52.0,28.0,31.0,85.0,6.0,29.0,73.0,53.0,54.0,50.0,29.0,39.0,34.0
Exeter 008E,55.0,24.0,50.0,26.0,30.0,86.0,8.0,27.0,74.0,51.0,55.0,48.0,30.0,36.0,32.0
Exeter 009A,57.0,26.0,52.0,24.0,26.0,83.0,5.0,29.0,74.0,53.0,52.0,50.0,31.0,38.0,29.0
Exeter 009B,56.0,25.0,50.0,22.0,26.0,82.0,8.0,28.0,72.0,52.0,50.0,50.0,30.0,37.0,27.0
Exeter 009C,57.0,26.0,52.0,24.0,27.0,83.0,7.0,29.0,74.0,53.0,52.0,50.0,32.0,39.0,29.0
Exeter 009D,56.0,25.0,50.0,23.0,28.0,83.0,7.0,28.0,74.0,51.0,52.0,48.0,32.0,37.0,29.0
Exeter 010A,55.0,25.0,50.0,27.0,31.0,86.0,12.0,27.0,77.0,51.0,55.0,48.0,34.0,37.0,33.0
Exeter 010B,56.0,25.0,51.0,27.0,31.0,87.0,10.0,28.0,76.0,52.0,56.0,49.0,33.0,38.0,33.0
Exeter 010C,54.0,23.0,49.0,26.0,30.0,85.0,9.0,26.0,75.0,50.0,54.0,47.0,32.0,36.0,31.0
Exeter 010D,55.0,24.0,50.0,27.0,31.0,86.0,11.0,27.0,77.0,51.0,55.0,48.0,34.0,36.0,32.0
Exeter 010E,53.0,22.0,47.0,25.0,28.0,84.0,10.0,25.0,75.0,49.0,53.0,46.0,32.0,34.0,30.0
Exeter 011A,55.0,25.0,50.0,20.0,23.0,80.0,10.0,27.0,71.0,51.0,49.0,52.0,28.0,37.0,26.0
Exeter 011B,57.0,26.0,51.0,22.0,24.0,81.0,10.0,29.0,72.0,53.0,50.0,53.0,29.0,38.0,27.0
Exeter 011D,55.0,25.0,50.0,21.0,26.0,81.0,12.0,27.0,72.0,51.0,50.0,53.0,29.0,37.0,27.0
Exeter 011E,57.0,26.0,51.0,22.0,23.0,80.0,11.0,29.0,71.0,53.0,49.0,53.0,28.0,38.0,27.0
Exeter 011F,54.0,23.0,48.0,18.0,23.0,78.0,10.0,26.0,69.0,49.0,47.0,50.0,27.0,35.0,24.0
Exeter 011G,54.0,23.0,49.0,19.0,23.0,79.0,12.0,26.0,70.0,50.0,48.0,51.0,27.0,35.0,24.0
Exeter 012A,53.0,22.0,47.0,24.0,28.0,84.0,12.0,25.0,75.0,48.0,53.0,46.0,32.0,34.0,30.0
Exeter 012B,55.0,24.0,49.0,26.0,30.0,86.0,12.0,27.0,74.0,51.0,55.0,47.0,34.0,36.0,32.0
Exeter 012C,52.0,21.0,47.0,24.0,28.0,83.0,10.0,24.0,74.0,48.0,52.0,45.0,32.0,34.0,29.0
Exeter 012D,55.0,24.0,50.0,27.0,30.0,86.0,14.0,27.0,77.0,51.0,55.0,48.0,34.0,36.0,32.0
Exeter 012E,56.0,25.0,51.0,28.0,31.0,87.0,12.0,28.0,75.0,52.0,56.0,49.0,34.0,37.0,33.0
Exeter 013A,58.0,27.0,53.0,23.0,25.0,82.0,10.0,30.0,73.0,54.0,51.0,55.0,30.0,39.0,28.0
Exeter 013B,56.0,26.0,51.0,22.0,26.0,82.0,11.0,28.0,73.0,52.0,51.0,52.0,30.0,38.0,28.0
Exeter 013C,59.0,28.0,53.0,23.0,26.0,82.0,9.0,30.0,73.0,54.0,51.0,55.0,31.0,40.0,29.0
Exeter 013D,57.0,26.0,52.0,22.0,24.0,81.0,9.0,29.0,72.0,53.0,50.0,53.0,29.0,38.0,27.0
Exeter 013E,56.0,25.0,51.0,22.0,26.0,82.0,10.0,28.0,73.0,52.0,51.0,52.0,30.0,38.0,27.0
Exeter 014A,51.0,21.0,46.0,26.0,30.0,86.0,15.0,23.0,77.0,47.0,55.0,48.0,34.0,33.0,32.0
Exeter 014B,53.0,22.0,47.0,24.0,28.0,84.0,13.0,25.0,75.0,48.0,53.0,46.0,32.0,34.0,30.0
Exeter 014C,53.0,22.0,47.0,25.0,29.0,85.0,16.0,25.0,76.0,49.0,54.0,48.0,33.0,34.0,30.0
Exeter 014D,54.0,24.0,49.0,26.0,30.0,85.0,10.0,26.0,76.0,50.0,54.0,47.0,33.0,36.0,32.0
Exeter 014E,53.0,22.0,47.0,24.0,28.0,84.0,10.0,25.0,75.0,49.0,53.0,46.0,32.0,34.0,30.0
Exeter 015A,52.0,21.0,47.0,19.0,23.0,78.0,11.0,24.0,69.0,48.0,47.0,50.0,27.0,33.0,24.0
Exeter 015B,54.0,23.0,48.0,20.0,25.0,80.0,13.0,26.0,71.0,50.0,49.0,52.0,28.0,35.0,26.0
Exeter 015C,55.0,24.0,49.0,17.0,25.0,81.0,13.0,27.0,72.0,51.0,50.0,53.0,29.0,36.0,26.0
Exeter 015E,57.0,26.0,51.0,16.0,28.0,83.0,16.0,29.0,74.0,53.0,52.0,55.0,31.0,38.0,26.0
Exeter 015F,60.0,29.0,54.0,17.0,29.0,85.0,19.0,32.0,76.0,56.0,54.0,56.0,33.0,41.0,27.0
Mid Devon 001A,74.0,43.0,68.0,39.0,34.0,72.0,34.0,46.0,62.0,70.0,40.0,70.0,20.0,55.0,44.0
Mid Devon 001B,83.0,53.0,78.0,49.0,44.0,59.0,43.0,55.0,50.0,79.0,28.0,80.0,18.0,65.0,54.0
Mid Devon 001C,81.0,51.0,76.0,47.0,42.0,57.0,42.0,53.0,48.0,77.0,26.0,78.0,16.0,63.0,52.0
Mid Devon 001D,83.0,53.0,78.0,53.0,49.0,73.0,32.0,55.0,64.0,79.0,41.0,69.0,22.0,65.0,57.0
Mid Devon 002A,76.0,45.0,70.0,41.0,36.0,61.0,35.0,48.0,52.0,72.0,30.0,72.0,8.0,57.0,46.0
Mid Devon 002B,76.0,45.0,70.0,41.0,36.0,63.0,33.0,48.0,54.0,72.0,32.0,72.0,11.0,57.0,47.0
Mid Devon 002C,73.0,43.0,68.0,39.0,34.0,59.0,34.0,45.0,50.0,69.0,28.0,70.0,6.0,55.0,44.0
Mid Devon 002D,78.0,47.0,72.0,43.0,38.0,60.0,32.0,50.0,51.0,73.0,29.0,74.0,7.0,59.0,48.0
Mid Devon 003A,71.0,40.0,65.0,36.0,31.0,68.0,31.0,42.0,59.0,66.0,37.0,67.0,17.0,52.0,41.0
Mid Devon 003B,76.0,45.0,71.0,41.0,30.0,74.0,37.0,48.0,65.0,72.0,43.0,73.0,22.0,58.0,44.0
Mid Devon 003C,82.0,51.0,77.0,48.0,27.0,80.0,43.0,54.0,71.0,78.0,49.0,79.0,28.0,64.0,41.0
Mid Devon 004A,75.0,44.0,69.0,40.0,35.0,62.0,30.0,47.0,53.0,71.0,31.0,71.0,10.0,56.0,45.0
Mid Devon 004B,75.0,44.0,70.0,41.0,36.0,63.0,32.0,47.0,53.0,71.0,32.0,72.0,10.0,57.0,46.0
Mid Devon 004C,74.0,43.0,68.0,39.0,35.0,61.0,32.0,46.0,52.0,70.0,30.0,70.0,7.0,55.0,45.0
Mid Devon 004D,72.0,42.0,67.0,38.0,33.0,60.0,33.0,44.0,51.0,68.0,29.0,69.0,7.0,54.0,43.0
Mid Devon 005A,74.0,43.0,68.0,39.0,34.0,59.0,31.0,46.0,50.0,69.0,28.0,70.0,3.0,55.0,44.0
Mid Devon 005B,75.0,44.0,70.0,40.0,36.0,60.0,28.0,47.0,51.0,71.0,29.0,72.0,3.0,56.0,46.0
Mid Devon 005C,77.0,46.0,71.0,42.0,37.0,62.0,29.0,48.0,52.0,72.0,31.0,73.0,4.0,58.0,47.0
Mid Devon 005D,77.0,47.0,72.0,43.0,38.0,63.0,27.0,49.0,53.0,73.0,31.0,73.0,6.0,59.0,48.0
Mid Devon 006A,69.0,38.0,64.0,35.0,30.0,67.0,30.0,41.0,58.0,65.0,36.0,66.0,15.0,51.0,40.0
Mid Devon 006B,73.0,42.0,68.0,38.0,34.0,66.0,33.0,45.0,57.0,69.0,35.0,70.0,14.0,54.0,44.0
Mid Devon 006C,70.0,39.0,65.0,35.0,30.0,70.0,30.0,42.0,61.0,66.0,39.0,67.0,18.0,51.0,41.0
Mid Devon 006D,69.0,39.0,64.0,35.0,29.0,68.0,30.0,41.0,59.0,65.0,37.0,66.0,16.0,51.0,40.0
Mid Devon 007A,68.0,37.0,62.0,33.0,28.0,72.0,28.0,40.0,63.0,63.0,41.0,64.0,20.0,49.0,38.0
Mid Devon 007B,67.0,36.0,61.0,32.0,27.0,71.0,26.0,39.0,62.0,63.0,40.0,63.0,20.0,48.0,37.0
Mid Devon 007C,67.0,37.0,62.0,33.0,27.0,72.0,26.0,39.0,63.0,63.0,41.0,64.0,20.0,49.0,38.0
Mid Devon 007D,68.0,37.0,62.0,33.0,28.0,72.0,25.0,40.0,63.0,64.0,41.0,64.0,21.0,49.0,39.0
Mid Devon 008A,71.0,41.0,66.0,37.0,30.0,77.0,21.0,43.0,68.0,67.0,46.0,68.0,22.0,53.0,40.0
Mid Devon 008B,69.0,38.0,64.0,40.0,37.0,75.0,18.0,41.0,66.0,65.0,44.0,62.0,19.0,50.0,45.0
Mid Devon 008C,66.0,35.0,60.0,31.0,22.0,72.0,26.0,38.0,63.0,62.0,41.0,62.0,20.0,47.0,35.0
Mid Devon 008D,71.0,41.0,66.0,37.0,32.0,73.0,17.0,43.0,64.0,67.0,42.0,64.0,16.0,53.0,40.0
Mid Devon 009A,85.0,60.0,74.0,63.0,67.0,67.0,42.0,63.0,54.0,86.0,39.0,56.0,43.0,72.0,68.0
Mid Devon 009B,88.0,58.0,77.0,61.0,64.0,60.0,40.0,61.0,46.0,85.0,32.0,59.0,36.0,70.0,66.0
Mid Devon 009C,74.0,48.0,62.0,51.0,54.0,68.0,35.0,51.0,55.0,74.0,40.0,45.0,36.0,59.0,56.0
Mid Devon 009D,68.0,38.0,62.0,40.0,44.0,86.0,31.0,40.0,72.0,64.0,57.0,45.0,47.0,50.0,45.0
Mid Devon 010A,69.0,38.0,63.0,40.0,43.0,78.0,18.0,40.0,65.0,64.0,50.0,59.0,26.0,50.0,46.0
Mid Devon 010B,77.0,46.0,72.0,49.0,51.0,72.0,28.0,49.0,59.0,73.0,44.0,59.0,27.0,59.0,54.0
Mid Devon 010C,92.0,62.0,81.0,65.0,67.0,69.0,44.0,65.0,56.0,89.0,39.0,63.0,36.0,74.0,70.0
Mid Devon 010D,77.0,47.0,66.0,49.0,53.0,62.0,29.0,49.0,49.0,73.0,34.0,48.0,29.0,59.0,54.0
Mid Devon 011A,70.0,39.0,65.0,42.0,45.0,69.0,21.0,42.0,56.0,66.0,41.0,53.0,25.0,51.0,47.0
Mid Devon 011B,72.0,42.0,67.0,44.0,47.0,71.0,22.0,44.0,58.0,68.0,43.0,55.0,23.0,54.0,49.0
Mid Devon 011C,71.0,41.0,66.0,43.0,47.0,68.0,22.0,43.0,55.0,67.0,40.0,53.0,23.0,53.0,48.0
Mid Devon 011D,73.0,42.0,68.0,45.0,48.0,68.0,24.0,45.0,54.0,69.0,39.0,53.0,25.0,54.0,50.0
North Devon 001A,9999.0,96.0,115.0,92.0,87.0,2.0,87.0,98.0,27.0,9999.0,42.0,97.0,61.0,108.0,97.0
North Devon 001B,9999.0,95.0,115.0,91.0,86.0,2.0,86.0,97.0,27.0,9999.0,41.0,97.0,60.0,107.0,96.0
North Devon 001C,9999.0,94.0,115.0,90.0,86.0,2.0,85.0,97.0,26.0,9999.0,40.0,97.0,59.0,107.0,96.0
North Devon 001D,9999.0,93.0,116.0,89.0,84.0,5.0,84.0,96.0,26.0,119.0,39.0,98.0,58.0,105.0,94.0
North Devon 002A,9999.0,92.0,117.0,88.0,83.0,15.0,83.0,94.0,32.0,118.0,38.0,107.0,57.0,104.0,93.0
North Devon 002B,118.0,87.0,113.0,83.0,79.0,19.0,78.0,90.0,27.0,114.0,33.0,103.0,52.0,99.0,89.0
North Devon 002C,114.0,83.0,109.0,79.0,75.0,12.0,74.0,86.0,23.0,110.0,29.0,99.0,48.0,95.0,85.0
North Devon 002D,9999.0,91.0,116.0,87.0,82.0,31.0,82.0,93.0,33.0,117.0,37.0,109.0,56.0,103.0,92.0
North Devon 003A,9999.0,95.0,114.0,91.0,86.0,2.0,86.0,98.0,26.0,9999.0,41.0,97.0,60.0,107.0,96.0
North Devon 003B,9999.0,93.0,113.0,89.0,85.0,2.0,85.0,96.0,25.0,9999.0,39.0,95.0,58.0,106.0,95.0
North Devon 003C,9999.0,93.0,112.0,89.0,84.0,2.0,84.0,95.0,24.0,119.0,39.0,94.0,58.0,105.0,94.0
North Devon 003D,9999.0,95.0,114.0,91.0,86.0,4.0,86.0,98.0,26.0,9999.0,41.0,96.0,60.0,107.0,96.0
North Devon 004A,114.0,88.0,102.0,84.0,79.0,14.0,78.0,91.0,18.0,114.0,34.0,84.0,53.0,100.0,89.0
North Devon 004B,9999.0,96.0,115.0,92.0,88.0,12.0,87.0,99.0,28.0,9999.0,42.0,97.0,61.0,108.0,98.0
North Devon 004C,9999.0,102.0,116.0,98.0,93.0,26.0,92.0,104.0,32.0,9999.0,48.0,98.0,67.0,114.0,103.0
North Devon 005A,112.0,86.0,101.0,82.0,78.0,14.0,77.0,89.0,16.0,113.0,32.0,83.0,51.0,98.0,88.0
North Devon 005B,115.0,90.0,104.0,86.0,81.0,17.0,80.0,92.0,20.0,116.0,36.0,86.0,55.0,102.0,91.0
North Devon 005C,115.0,90.0,104.0,86.0,81.0,17.0,80.0,92.0,20.0,116.0,36.0,86.0,55.0,102.0,91.0
North Devon 005D,114.0,88.0,103.0,84.0,80.0,15.0,79.0,91.0,18.0,115.0,34.0,85.0,53.0,100.0,90.0
North Devon 005E,111.0,85.0,100.0,81.0,77.0,18.0,76.0,88.0,15.0,112.0,31.0,82.0,50.0,97.0,87.0
North Devon 006A,108.0,78.0,103.0,74.0,69.0,27.0,69.0,80.0,20.0,104.0,24.0,93.0,43.0,90.0,79.0
North Devon 006B,103.0,72.0,93.0,68.0,63.0,32.0,63.0,75.0,17.0,99.0,18.0,76.0,37.0,84.0,74.0
North Devon 006C,115.0,89.0,104.0,85.0,81.0,16.0,80.0,92.0,10.0,116.0,35.0,86.0,54.0,102.0,91.0
North Devon 007A,107.0,82.0,96.0,78.0,73.0,25.0,72.0,84.0,9.0,108.0,28.0,78.0,47.0,94.0,83.0
North Devon 007B,109.0,83.0,98.0,79.0,75.0,22.0,74.0,86.0,5.0,110.0,29.0,80.0,48.0,95.0,85.0
North Devon 007C,107.0,81.0,96.0,77.0,73.0,23.0,72.0,84.0,6.0,108.0,27.0,78.0,46.0,93.0,83.0
North Devon 007D,107.0,79.0,96.0,76.0,71.0,23.0,71.0,82.0,6.0,106.0,26.0,78.0,45.0,92.0,81.0
North Devon 008A,106.0,77.0,95.0,73.0,69.0,28.0,68.0,80.0,11.0,104.0,23.0,77.0,42.0,89.0,79.0
North Devon 008B,107.0,77.0,96.0,73.0,69.0,27.0,68.0,80.0,10.0,104.0,23.0,78.0,42.0,89.0,79.0
North Devon 008C,109.0,78.0,98.0,74.0,69.0,29.0,69.0,81.0,12.0,104.0,24.0,81.0,43.0,90.0,79.0
North Devon 008D,109.0,79.0,98.0,75.0,71.0,25.0,70.0,82.0,8.0,106.0,25.0,80.0,44.0,91.0,81.0
North Devon 009A,107.0,76.0,95.0,72.0,67.0,29.0,67.0,78.0,12.0,102.0,22.0,77.0,41.0,88.0,77.0
North Devon 009B,104.0,79.0,93.0,75.0,71.0,27.0,70.0,82.0,13.0,106.0,25.0,75.0,44.0,91.0,81.0
North Devon 009C,103.0,78.0,92.0,74.0,69.0,25.0,68.0,81.0,12.0,104.0,24.0,74.0,43.0,90.0,79.0
North Devon 009D,102.0,79.0,91.0,75.0,71.0,26.0,70.0,82.0,13.0,106.0,25.0,73.0,44.0,91.0,81.0
North Devon 010A,105.0,74.0,95.0,70.0,65.0,33.0,65.0,77.0,17.0,100.0,20.0,77.0,39.0,86.0,75.0
North Devon 010B,106.0,75.0,96.0,71.0,66.0,29.0,66.0,78.0,12.0,102.0,21.0,78.0,40.0,87.0,77.0
North Devon 010C,104.0,74.0,94.0,70.0,65.0,32.0,65.0,76.0,15.0,100.0,20.0,77.0,39.0,86.0,75.0
North Devon 010D,105.0,75.0,94.0,71.0,66.0,32.0,66.0,78.0,16.0,101.0,21.0,76.0,40.0,87.0,76.0
North Devon 010E,104.0,75.0,92.0,71.0,67.0,31.0,66.0,78.0,16.0,102.0,21.0,75.0,40.0,88.0,77.0
North Devon 010F,103.0,75.0,92.0,71.0,67.0,30.0,66.0,78.0,14.0,102.0,21.0,74.0,40.0,87.0,77.0
North Devon 011A,101.0,85.0,90.0,81.0,76.0,32.0,75.0,87.0,19.0,111.0,31.0,72.0,50.0,97.0,86.0
North Devon 011B,100.0,87.0,88.0,83.0,78.0,34.0,77.0,89.0,21.0,113.0,33.0,70.0,52.0,99.0,88.0
North Devon 011C,103.0,84.0,92.0,80.0,76.0,32.0,75.0,87.0,18.0,111.0,30.0,74.0,49.0,96.0,86.0
North Devon 011D,97.0,86.0,86.0,83.0,78.0,38.0,77.0,89.0,25.0,112.0,33.0,68.0,52.0,97.0,88.0
North Devon 012A,103.0,80.0,92.0,76.0,72.0,29.0,71.0,83.0,15.0,107.0,26.0,74.0,45.0,92.0,82.0
North Devon 012B,105.0,82.0,93.0,78.0,74.0,31.0,73.0,85.0,18.0,109.0,28.0,76.0,47.0,94.0,84.0
North Devon 012C,105.0,81.0,93.0,77.0,73.0,29.0,72.0,84.0,15.0,108.0,27.0,76.0,46.0,93.0,83.0
North Devon 012D,103.0,72.0,94.0,68.0,63.0,32.0,63.0,74.0,19.0,98.0,18.0,76.0,37.0,84.0,73.0
North Devon 012E,99.0,77.0,87.0,73.0,68.0,31.0,61.0,79.0,18.0,103.0,22.0,69.0,42.0,89.0,78.0
North Devon 013A,97.0,75.0,86.0,71.0,67.0,43.0,59.0,78.0,29.0,102.0,12.0,68.0,40.0,87.0,77.0
North Devon 013B,101.0,71.0,96.0,67.0,62.0,42.0,62.0,73.0,38.0,97.0,16.0,90.0,36.0,83.0,72.0
North Devon 013C,95.0,64.0,89.0,60.0,55.0,40.0,55.0,67.0,31.0,90.0,2.0,74.0,29.0,76.0,65.0
North Devon 013D,97.0,66.0,92.0,63.0,58.0,41.0,58.0,69.0,32.0,93.0,3.0,77.0,32.0,79.0,68.0
North Devon 013E,95.0,64.0,89.0,60.0,55.0,40.0,55.0,66.0,31.0,90.0,4.0,77.0,29.0,76.0,65.0
North Devon 014A,91.0,61.0,86.0,57.0,52.0,44.0,52.0,63.0,35.0,87.0,13.0,85.0,26.0,73.0,62.0
North Devon 014B,89.0,64.0,77.0,67.0,69.0,51.0,46.0,67.0,38.0,91.0,23.0,60.0,38.0,76.0,72.0
North Devon 014C,92.0,61.0,86.0,57.0,52.0,58.0,46.0,64.0,49.0,87.0,21.0,73.0,21.0,73.0,62.0
Plymouth 001A,16.0,55.0,4.0,61.0,64.0,113.0,55.0,41.0,99.0,41.0,89.0,21.0,68.0,33.0,66.0
Plymouth 001B,18.0,56.0,6.0,61.0,65.0,112.0,56.0,42.0,99.0,41.0,90.0,21.0,69.0,34.0,67.0
Plymouth 001C,16.0,56.0,5.0,61.0,65.0,111.0,55.0,41.0,98.0,41.0,89.0,20.0,69.0,34.0,66.0
Plymouth 001D,20.0,60.0,9.0,65.0,69.0,111.0,59.0,45.0,97.0,45.0,92.0,19.0,73.0,38.0,71.0
Plymouth 002A,16.0,56.0,5.0,61.0,65.0,115.0,55.0,41.0,101.0,41.0,89.0,23.0,69.0,34.0,66.0
Plymouth 002B,18.0,58.0,7.0,63.0,67.0,113.0,57.0,43.0,100.0,43.0,91.0,21.0,70.0,36.0,68.0
Plymouth 002C,21.0,60.0,10.0,66.0,69.0,117.0,60.0,46.0,103.0,46.0,94.0,25.0,73.0,38.0,71.0
Plymouth 002D,20.0,60.0,9.0,65.0,69.0,116.0,59.0,45.0,102.0,45.0,94.0,24.0,73.0,38.0,71.0
Plymouth 002E,20.0,60.0,9.0,65.0,69.0,115.0,59.0,45.0,102.0,45.0,93.0,23.0,73.0,38.0,70.0
Plymouth 003A,16.0,56.0,7.0,61.0,65.0,116.0,55.0,41.0,103.0,41.0,89.0,25.0,69.0,34.0,66.0
Plymouth 003B,16.0,58.0,9.0,63.0,67.0,118.0,57.0,43.0,105.0,43.0,91.0,27.0,70.0,36.0,68.0
Plymouth 003C,17.0,58.0,9.0,63.0,67.0,119.0,57.0,44.0,105.0,43.0,92.0,27.0,71.0,36.0,69.0
Plymouth 003D,20.0,59.0,9.0,65.0,68.0,118.0,59.0,45.0,105.0,45.0,93.0,27.0,72.0,37.0,70.0
Plymouth 003E,20.0,61.0,10.0,66.0,70.0,115.0,60.0,46.0,102.0,46.0,94.0,24.0,74.0,39.0,71.0
Plymouth 004A,17.0,58.0,10.0,63.0,67.0,119.0,57.0,43.0,106.0,43.0,91.0,28.0,71.0,36.0,68.0
Plymouth 004B,16.0,58.0,13.0,63.0,67.0,9999.0,57.0,43.0,109.0,43.0,91.0,31.0,71.0,36.0,68.0
Plymouth 004C,15.0,56.0,12.0,62.0,65.0,9999.0,56.0,42.0,108.0,42.0,90.0,29.0,69.0,34.0,67.0
Plymouth 004D,14.0,55.0,10.0,60.0,64.0,120.0,54.0,41.0,106.0,40.0,89.0,28.0,68.0,33.0,66.0
Plymouth 005A,19.0,55.0,6.0,61.0,64.0,117.0,55.0,41.0,104.0,41.0,89.0,25.0,68.0,33.0,66.0
Plymouth 005B,19.0,54.0,9.0,59.0,63.0,115.0,53.0,39.0,102.0,39.0,87.0,24.0,67.0,32.0,64.0
Plymouth 005C,19.0,57.0,6.0,62.0,66.0,118.0,57.0,43.0,104.0,43.0,91.0,26.0,70.0,35.0,68.0
Plymouth 005D,19.0,54.0,8.0,59.0,63.0,117.0,54.0,40.0,104.0,40.0,88.0,25.0,67.0,32.0,65.0
Plymouth 005E,17.0,52.0,7.0,57.0,61.0,115.0,51.0,37.0,102.0,37.0,85.0,23.0,65.0,30.0,63.0
Plymouth 006A,14.0,55.0,10.0,60.0,64.0,119.0,54.0,41.0,106.0,40.0,89.0,28.0,68.0,33.0,66.0
Plymouth 006B,15.0,56.0,10.0,61.0,65.0,119.0,56.0,42.0,106.0,42.0,90.0,28.0,69.0,34.0,67.0
Plymouth 006C,13.0,55.0,8.0,60.0,64.0,117.0,54.0,40.0,104.0,40.0,88.0,26.0,67.0,33.0,65.0
Plymouth 006D,11.0,54.0,10.0,60.0,63.0,119.0,54.0,40.0,106.0,40.0,88.0,27.0,67.0,32.0,65.0
Plymouth 006E,12.0,57.0,12.0,62.0,66.0,9999.0,56.0,42.0,108.0,42.0,90.0,30.0,70.0,35.0,68.0
Plymouth 007A,16.0,56.0,7.0,61.0,65.0,116.0,55.0,41.0,103.0,41.0,89.0,25.0,68.0,34.0,66.0
Plymouth 007B,15.0,55.0,8.0,60.0,64.0,117.0,54.0,40.0,104.0,40.0,88.0,26.0,68.0,33.0,65.0
Plymouth 007C,14.0,55.0,10.0,60.0,64.0,119.0,54.0,40.0,105.0,40.0,88.0,27.0,68.0,33.0,65.0
Plymouth 007D,15.0,55.0,8.0,60.0,64.0,117.0,54.0,40.0,104.0,40.0,88.0,26.0,67.0,33.0,65.0
Plymouth 007E,15.0,56.0,10.0,62.0,65.0,119.0,56.0,42.0,106.0,42.0,90.0,28.0,69.0,34.0,67.0
Plymouth 008A,14.0,53.0,8.0,59.0,62.0,117.0,53.0,39.0,104.0,39.0,87.0,25.0,66.0,31.0,64.0
Plymouth 008B,16.0,54.0,8.0,59.0,63.0,117.0,53.0,39.0,103.0,39.0,87.0,25.0,67.0,32.0,64.0
Plymouth 008C,16.0,53.0,8.0,59.0,62.0,117.0,53.0,39.0,104.0,39.0,87.0,26.0,66.0,31.0,64.0
Plymouth 008D,13.0,53.0,6.0,58.0,62.0,115.0,52.0,38.0,102.0,38.0,86.0,24.0,66.0,31.0,63.0
Plymouth 009A,10.0,56.0,11.0,61.0,65.0,9999.0,55.0,41.0,107.0,41.0,89.0,29.0,69.0,34.0,66.0
Plymouth 009B,15.0,61.0,16.0,66.0,70.0,9999.0,61.0,47.0,112.0,47.0,95.0,34.0,74.0,39.0,72.0
Plymouth 009C,10.0,57.0,12.0,62.0,66.0,9999.0,56.0,42.0,108.0,42.0,90.0,29.0,69.0,35.0,67.0
Plymouth 009D,11.0,57.0,12.0,62.0,66.0,9999.0,56.0,43.0,108.0,42.0,91.0,30.0,70.0,35.0,68.0
Plymouth 009E,15.0,61.0,17.0,67.0,70.0,9999.0,61.0,47.0,112.0,47.0,95.0,34.0,74.0,39.0,72.0
Plymouth 009F,11.0,56.0,12.0,62.0,65.0,9999.0,56.0,42.0,107.0,42.0,90.0,29.0,69.0,34.0,67.0
Plymouth 009G,11.0,57.0,13.0,63.0,66.0,9999.0,57.0,43.0,108.0,43.0,91.0,30.0,70.0,35.0,68.0
Plymouth 010A,17.0,53.0,12.0,59.0,62.0,118.0,53.0,39.0,108.0,39.0,87.0,30.0,66.0,31.0,64.0
Plymouth 010B,17.0,53.0,9.0,58.0,62.0,118.0,52.0,39.0,104.0,38.0,87.0,26.0,66.0,31.0,64.0
Plymouth 010C,17.0,53.0,11.0,58.0,61.0,117.0,52.0,38.0,106.0,38.0,86.0,28.0,65.0,30.0,63.0
Plymouth 010D,18.0,53.0,10.0,59.0,62.0,117.0,53.0,39.0,103.0,39.0,87.0,25.0,66.0,31.0,64.0
Plymouth 010E,18.0,53.0,10.0,58.0,62.0,116.0,53.0,39.0,103.0,39.0,87.0,25.0,66.0,31.0,64.0
Plymouth 011A,12.0,54.0,9.0,59.0,63.0,118.0,53.0,40.0,105.0,39.0,88.0,26.0,67.0,32.0,65.0
Plymouth 011B,12.0,54.0,9.0,59.0,63.0,118.0,53.0,39.0,104.0,39.0,87.0,26.0,67.0,32.0,65.0
Plymouth 011C,10.0,55.0,9.0,60.0,64.0,118.0,54.0,40.0,105.0,40.0,88.0,27.0,68.0,33.0,65.0
Plymouth 011D,11.0,53.0,8.0,58.0,62.0,117.0,53.0,39.0,104.0,39.0,87.0,25.0,66.0,31.0,64.0
Plymouth 011E,10.0,55.0,9.0,60.0,64.0,118.0,54.0,40.0,105.0,40.0,88.0,27.0,68.0,33.0,65.0
Plymouth 012A,14.0,54.0,10.0,59.0,62.0,118.0,53.0,39.0,106.0,39.0,87.0,28.0,66.0,31.0,64.0
Plymouth 012B,15.0,55.0,11.0,60.0,64.0,119.0,54.0,40.0,107.0,40.0,88.0,29.0,68.0,33.0,65.0
Plymouth 012C,14.0,55.0,12.0,60.0,64.0,120.0,54.0,41.0,107.0,40.0,89.0,29.0,68.0,33.0,66.0
Plymouth 012D,18.0,55.0,10.0,61.0,64.0,119.0,55.0,41.0,105.0,41.0,89.0,27.0,68.0,33.0,66.0
Plymouth 012E,17.0,54.0,10.0,59.0,63.0,119.0,54.0,40.0,106.0,40.0,88.0,28.0,67.0,32.0,65.0
Plymouth 013A,10.0,56.0,10.0,61.0,65.0,119.0,55.0,41.0,106.0,41.0,89.0,28.0,69.0,34.0,66.0
Plymouth 013B,11.0,57.0,11.0,62.0,66.0,9999.0,56.0,42.0,107.0,42.0,90.0,29.0,70.0,35.0,67.0
Plymouth 013C,10.0,56.0,11.0,61.0,65.0,120.0,55.0,41.0,106.0,41.0,89.0,28.0,69.0,34.0,67.0
Plymouth 013D,11.0,57.0,12.0,62.0,66.0,9999.0,56.0,42.0,107.0,42.0,91.0,29.0,70.0,35.0,68.0
Plymouth 013E,9.0,54.0,9.0,59.0,63.0,118.0,53.0,39.0,104.0,39.0,88.0,26.0,67.0,32.0,65.0
Plymouth 014A,7.0,55.0,11.0,60.0,64.0,120.0,55.0,41.0,106.0,41.0,89.0,28.0,68.0,33.0,66.0
Plymouth 014B,9.0,57.0,12.0,62.0,66.0,9999.0,56.0,42.0,108.0,42.0,91.0,29.0,70.0,35.0,68.0
Plymouth 014C,7.0,56.0,11.0,61.0,65.0,9999.0,55.0,42.0,107.0,41.0,90.0,28.0,69.0,34.0,67.0
Plymouth 014D,10.0,56.0,11.0,61.0,64.0,9999.0,55.0,41.0,107.0,41.0,89.0,28.0,68.0,33.0,66.0
Plymouth 014E,13.0,60.0,15.0,65.0,69.0,9999.0,59.0,45.0,111.0,45.0,93.0,32.0,72.0,38.0,70.0
Plymouth 015A,19.0,52.0,13.0,57.0,61.0,116.0,51.0,37.0,107.0,37.0,85.0,31.0,65.0,30.0,62.0
Plymouth 015B,20.0,53.0,15.0,58.0,62.0,118.0,52.0,39.0,109.0,38.0,87.0,32.0,66.0,31.0,64.0
Plymouth 015C,19.0,52.0,13.0,57.0,61.0,116.0,51.0,37.0,107.0,37.0,85.0,30.0,64.0,30.0,62.0
Plymouth 015D,21.0,52.0,15.0,57.0,61.0,116.0,51.0,37.0,107.0,37.0,85.0,32.0,64.0,30.0,62.0
Plymouth 015E,21.0,53.0,16.0,58.0,62.0,117.0,52.0,38.0,108.0,38.0,86.0,30.0,66.0,31.0,63.0
Plymouth 016A,14.0,53.0,9.0,58.0,62.0,118.0,52.0,39.0,105.0,38.0,87.0,26.0,66.0,31.0,64.0
Plymouth 016B,12.0,53.0,8.0,58.0,62.0,117.0,52.0,38.0,104.0,38.0,86.0,26.0,66.0,31.0,63.0
Plymouth 016C,12.0,53.0,9.0,58.0,62.0,118.0,52.0,38.0,104.0,38.0,87.0,26.0,66.0,31.0,64.0
Plymouth 016D,13.0,55.0,10.0,60.0,63.0,119.0,54.0,40.0,106.0,40.0,88.0,28.0,67.0,32.0,65.0
Plymouth 016E,11.0,52.0,8.0,57.0,61.0,117.0,51.0,37.0,103.0,37.0,86.0,25.0,65.0,30.0,63.0
Plymouth 017A,12.0,54.0,9.0,59.0,63.0,118.0,53.0,39.0,105.0,39.0,87.0,26.0,67.0,32.0,65.0
Plymouth 017B,12.0,54.0,9.0,59.0,63.0,118.0,53.0,39.0,104.0,39.0,87.0,26.0,67.0,32.0,65.0
Plymouth 017C,12.0,55.0,9.0,60.0,64.0,118.0,54.0,40.0,105.0,40.0,88.0,27.0,68.0,33.0,65.0
Plymouth 017D,11.0,52.0,7.0,57.0,61.0,116.0,52.0,38.0,103.0,38.0,86.0,24.0,65.0,30.0,63.0
Plymouth 017E,12.0,53.0,8.0,58.0,62.0,117.0,52.0,38.0,103.0,38.0,87.0,25.0,66.0,31.0,64.0
Plymouth 018A,22.0,49.0,17.0,54.0,58.0,113.0,48.0,34.0,104.0,34.0,82.0,34.0,62.0,27.0,59.0
Plymouth 018B,22.0,49.0,17.0,54.0,58.0,114.0,48.0,34.0,104.0,34.0,82.0,34.0,62.0,27.0,60.0
Plymouth 018C,22.0,48.0,16.0,54.0,57.0,113.0,48.0,34.0,104.0,33.0,82.0,33.0,61.0,26.0,59.0
Plymouth 018D,26.0,56.0,21.0,61.0,65.0,9999.0,55.0,41.0,111.0,39.0,89.0,35.0,69.0,34.0,66.0
Plymouth 019A,19.0,52.0,14.0,57.0,61.0,116.0,51.0,37.0,107.0,36.0,85.0,31.0,65.0,30.0,62.0
Plymouth 019B,18.0,51.0,12.0,56.0,60.0,115.0,50.0,36.0,106.0,36.0,84.0,29.0,64.0,29.0,61.0
Plymouth 019C,20.0,51.0,15.0,56.0,60.0,115.0,50.0,36.0,106.0,35.0,84.0,32.0,64.0,29.0,61.0
Plymouth 019D,17.0,50.0,12.0,55.0,59.0,114.0,49.0,35.0,105.0,35.0,83.0,29.0,63.0,28.0,60.0
Plymouth 019E,17.0,50.0,12.0,55.0,59.0,115.0,49.0,36.0,106.0,35.0,84.0,29.0,63.0,28.0,61.0
Plymouth 020A,8.0,58.0,12.0,63.0,67.0,9999.0,57.0,43.0,108.0,43.0,91.0,30.0,70.0,36.0,68.0
Plymouth 020B,5.0,57.0,12.0,63.0,66.0,9999.0,57.0,43.0,108.0,43.0,91.0,30.0,70.0,35.0,68.0
Plymouth 020C,7.0,56.0,11.0,61.0,65.0,9999.0,56.0,42.0,107.0,42.0,90.0,28.0,69.0,34.0,67.0
Plymouth 020D,7.0,56.0,11.0,62.0,65.0,9999.0,56.0,42.0,107.0,42.0,90.0,28.0,69.0,34.0,67.0
Plymouth 020E,5.0,56.0,11.0,62.0,65.0,9999.0,56.0,42.0,107.0,42.0,90.0,29.0,69.0,34.0,67.0
Plymouth 021A,16.0,53.0,13.0,58.0,62.0,117.0,52.0,38.0,108.0,38.0,86.0,30.0,66.0,31.0,63.0
Plymouth 021B,16.0,51.0,12.0,57.0,60.0,116.0,51.0,37.0,107.0,37.0,85.0,29.0,64.0,29.0,62.0
Plymouth 021C,14.0,55.0,13.0,61.0,64.0,9999.0,55.0,41.0,109.0,41.0,89.0,30.0,68.0,33.0,66.0
Plymouth 021D,13.0,53.0,13.0,58.0,62.0,118.0,52.0,39.0,109.0,38.0,87.0,30.0,66.0,31.0,64.0
Plymouth 021E,12.0,53.0,12.0,59.0,62.0,118.0,53.0,39.0,108.0,39.0,87.0,29.0,66.0,31.0,64.0
Plymouth 021F,13.0,52.0,13.0,58.0,61.0,117.0,52.0,38.0,108.0,38.0,86.0,30.0,65.0,30.0,63.0
Plymouth 022A,23.0,50.0,17.0,55.0,59.0,115.0,50.0,36.0,106.0,35.0,84.0,34.0,63.0,28.0,61.0
Plymouth 022B,22.0,49.0,17.0,54.0,58.0,113.0,48.0,34.0,104.0,34.0,82.0,34.0,62.0,27.0,59.0
Plymouth 022C,21.0,48.0,16.0,53.0,57.0,113.0,47.0,33.0,103.0,33.0,82.0,33.0,61.0,26.0,59.0
Plymouth 022D,22.0,49.0,16.0,54.0,58.0,113.0,48.0,34.0,104.0,34.0,82.0,33.0,61.0,26.0,59.0
Plymouth 022E,21.0,48.0,16.0,53.0,57.0,112.0,47.0,33.0,103.0,33.0,81.0,33.0,61.0,26.0,58.0
Plymouth 023A,12.0,55.0,10.0,60.0,64.0,119.0,54.0,40.0,106.0,40.0,88.0,28.0,67.0,33.0,65.0
Plymouth 023B,11.0,55.0,11.0,60.0,64.0,119.0,54.0,40.0,106.0,40.0,88.0,28.0,68.0,33.0,66.0
Plymouth 023C,10.0,56.0,10.0,61.0,65.0,120.0,55.0,41.0,106.0,41.0,89.0,28.0,69.0,34.0,66.0
Plymouth 023D,11.0,57.0,11.0,62.0,66.0,9999.0,56.0,42.0,107.0,42.0,90.0,29.0,69.0,35.0,67.0
Plymouth 023E,11.0,58.0,13.0,63.0,67.0,9999.0,57.0,43.0,108.0,43.0,91.0,30.0,70.0,36.0,68.0
Plymouth 024A,8.0,55.0,10.0,60.0,64.0,119.0,55.0,41.0,106.0,40.0,89.0,27.0,68.0,33.0,66.0
Plymouth 024B,6.0,55.0,10.0,60.0,64.0,119.0,55.0,41.0,106.0,41.0,89.0,27.0,68.0,33.0,66.0
Plymouth 024C,6.0,58.0,13.0,63.0,67.0,9999.0,57.0,44.0,109.0,43.0,92.0,30.0,71.0,36.0,69.0
Plymouth 024D,7.0,55.0,9.0,60.0,64.0,119.0,54.0,40.0,105.0,40.0,88.0,27.0,68.0,33.0,65.0
Plymouth 025A,12.0,55.0,12.0,60.0,64.0,119.0,54.0,40.0,108.0,40.0,88.0,29.0,68.0,33.0,65.0
Plymouth 025B,11.0,55.0,11.0,60.0,64.0,9999.0,55.0,41.0,107.0,40.0,89.0,29.0,68.0,33.0,66.0
Plymouth 025C,13.0,54.0,13.0,59.0,63.0,118.0,53.0,39.0,109.0,39.0,87.0,30.0,66.0,32.0,64.0
Plymouth 025D,12.0,53.0,12.0,58.0,62.0,118.0,52.0,38.0,108.0,38.0,87.0,30.0,66.0,31.0,64.0
Plymouth 025E,12.0,55.0,12.0,60.0,64.0,119.0,54.0,40.0,108.0,40.0,88.0,30.0,67.0,32.0,65.0
Plymouth 026A,4.0,58.0,12.0,63.0,66.0,9999.0,57.0,43.0,108.0,43.0,91.0,30.0,70.0,35.0,68.0
Plymouth 026B,3.0,57.0,12.0,63.0,66.0,9999.0,57.0,43.0,108.0,43.0,91.0,30.0,70.0,35.0,68.0
Plymouth 026C,4.0,60.0,14.0,65.0,69.0,9999.0,59.0,45.0,110.0,45.0,93.0,32.0,73.0,38.0,70.0
Plymouth 026D,2.0,60.0,15.0,65.0,69.0,9999.0,59.0,46.0,110.0,45.0,94.0,32.0,73.0,38.0,71.0
Plymouth 026E,3.0,60.0,14.0,65.0,69.0,9999.0,59.0,45.0,110.0,45.0,93.0,32.0,72.0,38.0,70.0
Plymouth 027A,11.0,56.0,13.0,61.0,65.0,9999.0,56.0,42.0,108.0,41.0,90.0,30.0,69.0,34.0,67.0
Plymouth 027B,11.0,58.0,14.0,63.0,66.0,9999.0,57.0,43.0,110.0,43.0,91.0,32.0,70.0,35.0,68.0
Plymouth 027C,9.0,58.0,13.0,63.0,67.0,9999.0,57.0,43.0,109.0,43.0,91.0,30.0,71.0,36.0,68.0
Plymouth 027E,9.0,57.0,15.0,62.0,66.0,9999.0,56.0,42.0,111.0,42.0,90.0,32.0,69.0,35.0,67.0
Plymouth 027F,11.0,55.0,12.0,60.0,64.0,119.0,54.0,40.0,108.0,40.0,88.0,30.0,67.0,33.0,65.0
Plymouth 027G,9.0,56.0,15.0,61.0,65.0,9999.0,55.0,41.0,110.0,41.0,89.0,32.0,69.0,34.0,67.0
Plymouth 028A,11.0,55.0,11.0,60.0,64.0,120.0,54.0,41.0,107.0,40.0,89.0,29.0,68.0,33.0,66.0
Plymouth 028B,12.0,55.0,12.0,60.0,63.0,119.0,54.0,40.0,107.0,40.0,88.0,29.0,67.0,32.0,65.0
Plymouth 028C,13.0,52.0,13.0,58.0,61.0,117.0,52.0,38.0,108.0,38.0,86.0,30.0,65.0,30.0,63.0
Plymouth 028D,13.0,54.0,14.0,59.0,63.0,118.0,53.0,39.0,109.0,39.0,87.0,31.0,66.0,32.0,64.0
Plymouth 028E,12.0,53.0,14.0,59.0,62.0,118.0,53.0,39.0,109.0,39.0,87.0,31.0,66.0,31.0,64.0
Plymouth 029A,8.0,59.0,13.0,64.0,68.0,9999.0,58.0,44.0,109.0,44.0,92.0,31.0,71.0,36.0,69.0
Plymouth 029B,8.0,59.0,13.0,64.0,68.0,9999.0,58.0,44.0,109.0,44.0,92.0,31.0,72.0,37.0,69.0
Plymouth 029C,5.0,59.0,14.0,64.0,68.0,9999.0,58.0,45.0,110.0,44.0,93.0,31.0,72.0,37.0,70.0
Plymouth 029D,6.0,63.0,19.0,69.0,72.0,9999.0,63.0,49.0,115.0,49.0,97.0,36.0,76.0,41.0,74.0
Plymouth 029E,10.0,59.0,16.0,64.0,68.0,9999.0,58.0,45.0,112.0,44.0,93.0,33.0,72.0,37.0,70.0
Plymouth 029F,5.0,57.0,11.0,62.0,66.0,9999.0,56.0,42.0,107.0,42.0,90.0,29.0,70.0,35.0,67.0
Plymouth 030A,20.0,55.0,20.0,60.0,64.0,119.0,54.0,40.0,110.0,34.0,88.0,37.0,68.0,33.0,65.0
Plymouth 030B,24.0,56.0,21.0,61.0,65.0,9999.0,55.0,42.0,112.0,35.0,90.0,38.0,69.0,34.0,67.0
Plymouth 030C,21.0,53.0,19.0,59.0,62.0,118.0,53.0,39.0,109.0,31.0,87.0,36.0,66.0,31.0,64.0
Plymouth 030D,18.0,54.0,19.0,60.0,63.0,119.0,54.0,40.0,110.0,33.0,88.0,36.0,67.0,32.0,65.0
Plymouth 030E,23.0,55.0,20.0,60.0,64.0,120.0,54.0,41.0,111.0,34.0,89.0,37.0,68.0,33.0,66.0
Plymouth 031A,17.0,56.0,18.0,61.0,65.0,9999.0,55.0,41.0,111.0,35.0,89.0,35.0,69.0,34.0,66.0
Plymouth 031B,19.0,56.0,19.0,61.0,65.0,9999.0,56.0,42.0,112.0,35.0,90.0,36.0,69.0,34.0,67.0
Plymouth 031C,18.0,58.0,18.0,63.0,67.0,9999.0,57.0,43.0,113.0,37.0,91.0,35.0,71.0,36.0,68.0
Plymouth 031D,24.0,61.0,25.0,66.0,70.0,9999.0,61.0,47.0,117.0,39.0,95.0,42.0,74.0,39.0,72.0
Plymouth 031E,22.0,59.0,23.0,64.0,68.0,9999.0,59.0,45.0,115.0,37.0,93.0,40.0,72.0,37.0,70.0
Plymouth 031F,23.0,60.0,23.0,65.0,69.0,9999.0,59.0,45.0,115.0,38.0,93.0,40.0,72.0,38.0,70.0
Plymouth 032A,25.0,58.0,23.0,63.0,66.0,9999.0,57.0,43.0,113.0,35.0,91.0,40.0,70.0,35.0,68.0
Plymouth 032B,23.0,57.0,22.0,62.0,65.0,9999.0,56.0,42.0,112.0,33.0,90.0,39.0,69.0,34.0,67.0
Plymouth 032C,23.0,58.0,24.0,64.0,67.0,9999.0,58.0,44.0,114.0,36.0,92.0,41.0,71.0,36.0,69.0
Plymouth 032D,19.0,58.0,19.0,63.0,66.0,9999.0,57.0,43.0,113.0,37.0,91.0,36.0,70.0,35.0,68.0
Plymouth 032E,24.0,60.0,25.0,65.0,69.0,9999.0,60.0,46.0,116.0,38.0,94.0,42.0,73.0,38.0,71.0
South Hams 001A,21.0,61.0,10.0,66.0,70.0,113.0,60.0,46.0,100.0,46.0,94.0,21.0,74.0,39.0,71.0
South Hams 001B,23.0,63.0,12.0,68.0,72.0,112.0,62.0,48.0,98.0,48.0,93.0,20.0,76.0,41.0,73.0
South Hams 001C,21.0,61.0,10.0,66.0,70.0,113.0,60.0,46.0,99.0,46.0,94.0,21.0,73.0,39.0,71.0
South Hams 001D,25.0,50.0,20.0,56.0,59.0,115.0,50.0,36.0,106.0,36.0,84.0,37.0,63.0,28.0,61.0
South Hams 002A,31.0,52.0,25.0,57.0,61.0,117.0,51.0,38.0,108.0,37.0,86.0,35.0,65.0,30.0,63.0
South Hams 002B,34.0,39.0,28.0,44.0,48.0,104.0,38.0,25.0,95.0,29.0,73.0,45.0,52.0,19.0,50.0
South Hams 002C,30.0,40.0,25.0,46.0,49.0,105.0,40.0,26.0,96.0,22.0,74.0,42.0,53.0,18.0,51.0
South Hams 002D,29.0,40.0,23.0,45.0,49.0,105.0,39.0,25.0,95.0,24.0,74.0,40.0,53.0,17.0,51.0
South Hams 002E,27.0,40.0,21.0,45.0,48.0,104.0,39.0,25.0,95.0,22.0,73.0,38.0,52.0,17.0,50.0
South Hams 003A,39.0,33.0,33.0,48.0,51.0,107.0,42.0,22.0,98.0,22.0,76.0,50.0,55.0,1.0,53.0
South Hams 003B,42.0,34.0,37.0,49.0,52.0,108.0,43.0,25.0,99.0,26.0,77.0,54.0,56.0,5.0,54.0
South Hams 003C,35.0,41.0,30.0,48.0,52.0,107.0,42.0,28.0,98.0,22.0,76.0,47.0,56.0,7.0,53.0
South Hams 003D,38.0,37.0,33.0,49.0,52.0,108.0,43.0,26.0,99.0,21.0,77.0,50.0,56.0,4.0,54.0
South Hams 003E,38.0,36.0,33.0,49.0,53.0,108.0,43.0,25.0,99.0,22.0,77.0,50.0,57.0,3.0,54.0
South Hams 004A,61.0,43.0,56.0,57.0,61.0,117.0,51.0,34.0,107.0,44.0,85.0,73.0,65.0,23.0,63.0
South Hams 004B,48.0,33.0,43.0,48.0,52.0,107.0,42.0,25.0,98.0,32.0,76.0,60.0,56.0,11.0,53.0
South Hams 004C,48.0,26.0,43.0,41.0,45.0,100.0,35.0,17.0,91.0,31.0,69.0,60.0,49.0,10.0,46.0
South Hams 004D,50.0,50.0,45.0,60.0,63.0,119.0,54.0,38.0,110.0,20.0,88.0,62.0,67.0,17.0,65.0
South Hams 005A,23.0,42.0,17.0,48.0,51.0,107.0,42.0,28.0,98.0,27.0,76.0,35.0,55.0,20.0,53.0
South Hams 005B,27.0,44.0,22.0,50.0,53.0,109.0,44.0,30.0,100.0,26.0,78.0,39.0,57.0,22.0,55.0
South Hams 005C,25.0,46.0,20.0,51.0,55.0,110.0,45.0,31.0,101.0,25.0,79.0,37.0,58.0,23.0,56.0
South Hams 005D,28.0,46.0,23.0,51.0,55.0,110.0,45.0,31.0,101.0,27.0,79.0,40.0,59.0,24.0,56.0
South Hams 005E,26.0,45.0,20.0,51.0,54.0,110.0,45.0,31.0,101.0,30.0,79.0,37.0,58.0,23.0,56.0
South Hams 005F,25.0,45.0,20.0,50.0,53.0,109.0,44.0,30.0,100.0,29.0,78.0,37.0,57.0,22.0,55.0
South Hams 005G,25.0,44.0,19.0,50.0,53.0,109.0,44.0,30.0,100.0,29.0,78.0,37.0,57.0,22.0,55.0
South Hams 006A,48.0,53.0,43.0,63.0,66.0,9999.0,57.0,41.0,113.0,9.0,91.0,60.0,70.0,20.0,68.0
South Hams 006B,43.0,51.0,38.0,59.0,63.0,118.0,53.0,39.0,109.0,25.0,87.0,55.0,67.0,18.0,64.0
South Hams 006C,35.0,39.0,30.0,44.0,48.0,103.0,38.0,24.0,94.0,23.0,72.0,47.0,51.0,6.0,49.0
South Hams 007A,57.0,58.0,52.0,67.0,71.0,9999.0,61.0,45.0,117.0,26.0,95.0,69.0,75.0,24.0,72.0
South Hams 007B,56.0,56.0,50.0,65.0,69.0,9999.0,60.0,44.0,116.0,25.0,94.0,68.0,73.0,23.0,71.0
South Hams 007C,56.0,56.0,50.0,65.0,69.0,9999.0,59.0,44.0,116.0,25.0,94.0,67.0,73.0,22.0,71.0
South Hams 007D,56.0,57.0,51.0,66.0,70.0,9999.0,60.0,44.0,116.0,25.0,94.0,68.0,74.0,23.0,71.0
South Hams 008A,44.0,60.0,38.0,65.0,69.0,9999.0,59.0,45.0,115.0,15.0,93.0,56.0,72.0,35.0,70.0
South Hams 008B,32.0,47.0,27.0,53.0,56.0,112.0,47.0,33.0,103.0,14.0,81.0,44.0,60.0,23.0,58.0
South Hams 008C,27.0,47.0,21.0,52.0,56.0,112.0,46.0,33.0,103.0,18.0,81.0,39.0,60.0,23.0,58.0
South Hams 008D,25.0,52.0,20.0,57.0,61.0,116.0,51.0,37.0,107.0,23.0,85.0,37.0,65.0,28.0,62.0
South Hams 009A,32.0,60.0,26.0,65.0,69.0,9999.0,59.0,45.0,115.0,31.0,93.0,44.0,72.0,36.0,70.0
South Hams 009B,28.0,60.0,26.0,66.0,69.0,9999.0,60.0,46.0,116.0,37.0,94.0,43.0,73.0,38.0,71.0
South Hams 009C,29.0,63.0,28.0,68.0,72.0,9999.0,63.0,49.0,119.0,39.0,97.0,45.0,76.0,41.0,74.0
South Hams 009D,23.0,53.0,19.0,58.0,62.0,118.0,52.0,39.0,109.0,26.0,87.0,36.0,66.0,31.0,64.0
South Hams 010A,50.0,59.0,45.0,66.0,70.0,9999.0,60.0,46.0,116.0,4.0,94.0,62.0,74.0,26.0,72.0
South Hams 010B,48.0,57.0,43.0,64.0,68.0,9999.0,58.0,44.0,114.0,2.0,92.0,60.0,72.0,24.0,70.0
South Hams 010C,49.0,60.0,43.0,66.0,70.0,9999.0,61.0,47.0,117.0,4.0,95.0,60.0,74.0,26.0,72.0
South Hams 011A,63.0,69.0,58.0,78.0,82.0,9999.0,73.0,57.0,9999.0,17.0,107.0,75.0,86.0,36.0,84.0
South Hams 011B,58.0,58.0,53.0,68.0,71.0,9999.0,62.0,46.0,118.0,27.0,96.0,70.0,75.0,25.0,73.0
South Hams 011C,61.0,66.0,56.0,75.0,79.0,9999.0,69.0,54.0,9999.0,15.0,104.0,73.0,83.0,32.0,81.0
South Hams 012A,51.0,63.0,46.0,70.0,74.0,9999.0,64.0,50.0,120.0,9.0,98.0,63.0,78.0,30.0,75.0
South Hams 012B,54.0,66.0,49.0,73.0,77.0,9999.0,67.0,53.0,9999.0,12.0,102.0,66.0,81.0,33.0,79.0
South Hams 012C,55.0,68.0,49.0,75.0,79.0,9999.0,69.0,55.0,9999.0,13.0,103.0,66.0,83.0,35.0,80.0
Teignbridge 001A,54.0,23.0,49.0,26.0,29.0,85.0,16.0,26.0,76.0,50.0,54.0,46.0,33.0,35.0,31.0
Teignbridge 001B,58.0,27.0,52.0,29.0,33.0,85.0,17.0,30.0,72.0,53.0,57.0,44.0,37.0,39.0,35.0
Teignbridge 001C,57.0,26.0,52.0,29.0,33.0,83.0,20.0,29.0,70.0,53.0,55.0,40.0,37.0,39.0,34.0
Teignbridge 001D,55.0,35.0,50.0,41.0,45.0,100.0,30.0,33.0,87.0,51.0,69.0,54.0,49.0,36.0,46.0
Teignbridge 002A,53.0,22.0,47.0,23.0,28.0,83.0,16.0,25.0,74.0,49.0,52.0,54.0,31.0,34.0,29.0
Teignbridge 002B,51.0,20.0,46.0,27.0,31.0,86.0,21.0,23.0,77.0,47.0,55.0,51.0,34.0,33.0,32.0
Teignbridge 002C,54.0,23.0,48.0,23.0,28.0,83.0,16.0,25.0,74.0,49.0,52.0,54.0,31.0,35.0,29.0
Teignbridge 002D,60.0,13.0,55.0,31.0,36.0,91.0,24.0,29.0,82.0,56.0,60.0,60.0,39.0,40.0,37.0
Teignbridge 002E,58.0,16.0,52.0,28.0,33.0,88.0,21.0,28.0,79.0,53.0,57.0,58.0,37.0,38.0,34.0
Teignbridge 003A,49.0,33.0,43.0,39.0,43.0,98.0,34.0,28.0,84.0,44.0,68.0,48.0,47.0,30.0,45.0
Teignbridge 003B,51.0,36.0,46.0,42.0,46.0,86.0,31.0,31.0,73.0,47.0,62.0,38.0,50.0,33.0,48.0
Teignbridge 003C,52.0,43.0,47.0,49.0,52.0,106.0,43.0,31.0,92.0,48.0,77.0,42.0,56.0,33.0,54.0
Teignbridge 003D,55.0,35.0,50.0,39.0,43.0,98.0,28.0,33.0,85.0,51.0,68.0,52.0,47.0,36.0,45.0
Teignbridge 004A,44.0,28.0,39.0,34.0,38.0,94.0,29.0,24.0,85.0,40.0,63.0,49.0,42.0,26.0,40.0
Teignbridge 004B,44.0,28.0,39.0,35.0,38.0,94.0,29.0,24.0,83.0,40.0,63.0,47.0,42.0,26.0,40.0
Teignbridge 004C,44.0,21.0,38.0,29.0,33.0,88.0,23.0,21.0,79.0,39.0,57.0,53.0,37.0,25.0,34.0
Teignbridge 004D,46.0,20.0,40.0,29.0,33.0,89.0,23.0,20.0,79.0,42.0,58.0,54.0,37.0,27.0,35.0
Teignbridge 004E,44.0,19.0,38.0,28.0,32.0,88.0,22.0,20.0,79.0,39.0,57.0,53.0,36.0,25.0,34.0
Teignbridge 004F,42.0,24.0,36.0,30.0,34.0,89.0,24.0,20.0,80.0,38.0,58.0,51.0,38.0,23.0,35.0
Teignbridge 005A,66.0,11.0,61.0,37.0,41.0,97.0,29.0,32.0,88.0,62.0,66.0,66.0,45.0,42.0,42.0
Teignbridge 005B,62.0,4.0,57.0,37.0,41.0,96.0,31.0,25.0,87.0,57.0,65.0,61.0,45.0,35.0,43.0
Teignbridge 005C,65.0,7.0,60.0,37.0,42.0,97.0,30.0,28.0,88.0,60.0,66.0,65.0,46.0,39.0,43.0
Teignbridge 005D,63.0,5.0,58.0,38.0,42.0,98.0,31.0,26.0,89.0,58.0,67.0,63.0,46.0,37.0,44.0
Teignbridge 006A,63.0,4.0,57.0,38.0,41.0,97.0,31.0,25.0,88.0,57.0,66.0,62.0,45.0,36.0,43.0
Teignbridge 006B,61.0,6.0,56.0,36.0,40.0,95.0,30.0,24.0,86.0,55.0,64.0,60.0,44.0,34.0,41.0
Teignbridge 006C,62.0,4.0,57.0,37.0,41.0,96.0,31.0,25.0,87.0,57.0,65.0,61.0,45.0,35.0,43.0
Teignbridge 006D,61.0,3.0,56.0,36.0,40.0,95.0,30.0,24.0,86.0,55.0,64.0,60.0,44.0,34.0,41.0
Teignbridge 007A,43.0,28.0,37.0,34.0,37.0,93.0,28.0,22.0,84.0,39.0,62.0,48.0,41.0,24.0,39.0
Teignbridge 007B,41.0,27.0,36.0,32.0,36.0,91.0,26.0,21.0,82.0,37.0,60.0,50.0,40.0,23.0,37.0
Teignbridge 007C,39.0,26.0,34.0,31.0,35.0,91.0,25.0,16.0,82.0,35.0,60.0,49.0,39.0,21.0,37.0
Teignbridge 007D,47.0,33.0,41.0,38.0,42.0,97.0,32.0,24.0,88.0,43.0,66.0,51.0,46.0,28.0,43.0
Teignbridge 008A,56.0,8.0,51.0,31.0,35.0,90.0,25.0,19.0,81.0,50.0,59.0,55.0,39.0,29.0,36.0
Teignbridge 008B,56.0,9.0,51.0,31.0,35.0,91.0,26.0,18.0,82.0,50.0,60.0,56.0,39.0,28.0,37.0
Teignbridge 008C,58.0,10.0,53.0,33.0,37.0,92.0,27.0,21.0,83.0,52.0,61.0,57.0,41.0,31.0,38.0
Teignbridge 008D,57.0,8.0,51.0,32.0,35.0,91.0,26.0,19.0,82.0,51.0,60.0,56.0,39.0,30.0,37.0
Teignbridge 008E,58.0,12.0,53.0,34.0,38.0,93.0,28.0,18.0,84.0,50.0,62.0,58.0,41.0,29.0,39.0
Teignbridge 009A,49.0,18.0,44.0,32.0,36.0,92.0,27.0,12.0,83.0,45.0,61.0,57.0,40.0,23.0,38.0
Teignbridge 009B,51.0,17.0,46.0,32.0,36.0,92.0,27.0,9.0,83.0,44.0,61.0,57.0,40.0,23.0,38.0
Teignbridge 009C,49.0,18.0,43.0,30.0,34.0,90.0,24.0,13.0,81.0,45.0,59.0,55.0,38.0,24.0,36.0
Teignbridge 009D,47.0,19.0,42.0,32.0,36.0,91.0,26.0,11.0,82.0,43.0,60.0,56.0,39.0,24.0,37.0
Teignbridge 009E,47.0,19.0,42.0,32.0,36.0,92.0,27.0,10.0,83.0,43.0,61.0,57.0,40.0,24.0,38.0
Teignbridge 009F,47.0,18.0,42.0,30.0,34.0,89.0,24.0,13.0,80.0,43.0,58.0,54.0,38.0,24.0,35.0
Teignbridge 010A,57.0,10.0,52.0,33.0,36.0,92.0,27.0,17.0,83.0,49.0,61.0,57.0,40.0,28.0,38.0
Teignbridge 010B,59.0,12.0,53.0,34.0,38.0,94.0,29.0,19.0,85.0,51.0,63.0,59.0,42.0,29.0,40.0
Teignbridge 010C,55.0,11.0,50.0,34.0,37.0,93.0,28.0,16.0,84.0,47.0,62.0,58.0,41.0,26.0,39.0
Teignbridge 010D,56.0,11.0,50.0,32.0,36.0,92.0,26.0,16.0,83.0,47.0,61.0,57.0,40.0,26.0,38.0
Teignbridge 011A,53.0,13.0,48.0,34.0,37.0,93.0,28.0,14.0,84.0,45.0,62.0,58.0,41.0,24.0,39.0
Teignbridge 011B,53.0,16.0,47.0,33.0,37.0,92.0,27.0,13.0,83.0,45.0,61.0,57.0,40.0,23.0,38.0
Teignbridge 011C,49.0,18.0,44.0,33.0,36.0,92.0,27.0,13.0,83.0,45.0,61.0,57.0,40.0,23.0,38.0
Teignbridge 011D,57.0,13.0,52.0,36.0,40.0,95.0,30.0,18.0,86.0,49.0,64.0,60.0,44.0,28.0,41.0
Teignbridge 011E,58.0,18.0,52.0,40.0,44.0,100.0,34.0,16.0,91.0,48.0,69.0,65.0,48.0,27.0,46.0
Teignbridge 012A,42.0,25.0,36.0,37.0,41.0,96.0,31.0,5.0,87.0,38.0,65.0,51.0,44.0,19.0,42.0
Teignbridge 012B,44.0,27.0,38.0,39.0,43.0,98.0,33.0,7.0,89.0,39.0,67.0,53.0,46.0,21.0,44.0
Teignbridge 012C,44.0,26.0,38.0,36.0,39.0,95.0,30.0,6.0,86.0,40.0,64.0,53.0,43.0,20.0,41.0
Teignbridge 012D,46.0,25.0,41.0,39.0,43.0,99.0,34.0,3.0,90.0,42.0,68.0,56.0,47.0,20.0,45.0
Teignbridge 013A,47.0,30.0,42.0,45.0,48.0,104.0,39.0,15.0,95.0,37.0,73.0,56.0,52.0,15.0,50.0
Teignbridge 013B,48.0,25.0,42.0,39.0,43.0,99.0,34.0,10.0,90.0,36.0,68.0,57.0,47.0,15.0,45.0
Teignbridge 013C,42.0,27.0,36.0,37.0,41.0,96.0,31.0,7.0,87.0,38.0,65.0,51.0,44.0,21.0,42.0
Teignbridge 013D,46.0,20.0,41.0,32.0,36.0,91.0,26.0,12.0,82.0,42.0,60.0,56.0,40.0,26.0,38.0
Teignbridge 014A,53.0,21.0,48.0,35.0,39.0,95.0,30.0,11.0,86.0,43.0,64.0,60.0,43.0,22.0,41.0
Teignbridge 014B,48.0,19.0,43.0,34.0,37.0,93.0,28.0,6.0,84.0,40.0,62.0,58.0,41.0,18.0,39.0
Teignbridge 014C,48.0,22.0,43.0,36.0,40.0,96.0,30.0,7.0,87.0,40.0,65.0,58.0,44.0,18.0,42.0
Teignbridge 014D,48.0,19.0,42.0,34.0,38.0,93.0,28.0,7.0,84.0,38.0,62.0,57.0,42.0,17.0,39.0
Teignbridge 015A,44.0,24.0,38.0,38.0,42.0,97.0,32.0,6.0,88.0,40.0,66.0,53.0,45.0,18.0,43.0
Teignbridge 015B,46.0,21.0,41.0,36.0,39.0,95.0,30.0,6.0,86.0,38.0,64.0,56.0,43.0,16.0,41.0
Teignbridge 015C,50.0,21.0,44.0,36.0,39.0,95.0,30.0,9.0,86.0,39.0,64.0,59.0,43.0,17.0,41.0
Teignbridge 015D,49.0,19.0,44.0,33.0,37.0,93.0,27.0,8.0,83.0,38.0,62.0,58.0,41.0,17.0,39.0
Teignbridge 016A,52.0,20.0,47.0,34.0,38.0,94.0,29.0,10.0,85.0,42.0,63.0,59.0,42.0,21.0,40.0
Teignbridge 016B,51.0,19.0,45.0,33.0,37.0,92.0,27.0,9.0,83.0,41.0,61.0,57.0,41.0,19.0,39.0
Teignbridge 016C,52.0,20.0,46.0,34.0,38.0,93.0,28.0,10.0,84.0,42.0,62.0,58.0,42.0,20.0,40.0
Teignbridge 016D,53.0,21.0,48.0,36.0,39.0,95.0,30.0,11.0,86.0,43.0,64.0,60.0,43.0,22.0,41.0
Teignbridge 017A,36.0,31.0,30.0,36.0,40.0,96.0,30.0,17.0,87.0,32.0,65.0,44.0,44.0,17.0,42.0
Teignbridge 017B,35.0,31.0,30.0,36.0,39.0,95.0,30.0,16.0,86.0,31.0,64.0,42.0,43.0,16.0,41.0
Teignbridge 017C,36.0,35.0,31.0,41.0,44.0,100.0,35.0,21.0,91.0,32.0,69.0,46.0,48.0,17.0,46.0
Teignbridge 017D,34.0,36.0,29.0,41.0,45.0,101.0,36.0,22.0,92.0,30.0,70.0,43.0,49.0,17.0,47.0
Teignbridge 017E,32.0,35.0,26.0,40.0,44.0,100.0,34.0,20.0,90.0,27.0,68.0,43.0,48.0,15.0,46.0
Teignbridge 018A,53.0,21.0,48.0,36.0,40.0,95.0,30.0,12.0,86.0,44.0,64.0,60.0,44.0,22.0,41.0
Teignbridge 018B,54.0,23.0,49.0,37.0,41.0,97.0,31.0,14.0,88.0,38.0,66.0,62.0,45.0,17.0,43.0
Teignbridge 018C,55.0,24.0,50.0,38.0,42.0,98.0,32.0,15.0,89.0,39.0,67.0,63.0,46.0,18.0,44.0
Teignbridge 018D,56.0,24.0,51.0,38.0,42.0,98.0,32.0,15.0,88.0,40.0,67.0,63.0,46.0,19.0,44.0
Teignbridge 019A,50.0,24.0,45.0,38.0,42.0,98.0,33.0,13.0,89.0,35.0,67.0,62.0,46.0,13.0,44.0
Teignbridge 019B,48.0,34.0,43.0,49.0,53.0,108.0,43.0,21.0,99.0,39.0,77.0,58.0,56.0,17.0,54.0
Teignbridge 019C,47.0,28.0,41.0,43.0,46.0,102.0,37.0,15.0,93.0,31.0,71.0,58.0,50.0,9.0,48.0
Teignbridge 019D,47.0,28.0,41.0,42.0,46.0,102.0,37.0,15.0,93.0,31.0,71.0,58.0,50.0,9.0,48.0
Torbay 001A,59.0,26.0,54.0,42.0,46.0,102.0,36.0,19.0,92.0,43.0,71.0,67.0,50.0,22.0,48.0
Torbay 001B,61.0,27.0,55.0,44.0,47.0,103.0,38.0,20.0,94.0,44.0,72.0,68.0,51.0,23.0,49.0
Torbay 001C,59.0,24.0,54.0,42.0,46.0,101.0,36.0,19.0,92.0,43.0,70.0,66.0,50.0,22.0,48.0
Torbay 001D,60.0,24.0,55.0,43.0,47.0,103.0,37.0,20.0,93.0,44.0,72.0,68.0,51.0,23.0,49.0
Torbay 001E,62.0,26.0,57.0,45.0,49.0,104.0,39.0,22.0,95.0,46.0,73.0,69.0,53.0,25.0,51.0
Torbay 002A,60.0,22.0,55.0,43.0,47.0,102.0,37.0,20.0,93.0,44.0,71.0,67.0,51.0,23.0,48.0
Torbay 002B,59.0,27.0,53.0,42.0,46.0,101.0,36.0,18.0,92.0,42.0,70.0,66.0,50.0,21.0,47.0
Torbay 002C,59.0,25.0,54.0,42.0,46.0,101.0,36.0,18.0,92.0,43.0,70.0,66.0,50.0,22.0,47.0
Torbay 002D,61.0,27.0,55.0,44.0,48.0,103.0,38.0,20.0,94.0,44.0,72.0,68.0,51.0,23.0,49.0
Torbay 003A,53.0,25.0,48.0,39.0,43.0,99.0,34.0,16.0,90.0,37.0,68.0,64.0,47.0,16.0,45.0
Torbay 003B,53.0,25.0,48.0,40.0,43.0,99.0,34.0,16.0,90.0,37.0,68.0,64.0,47.0,16.0,45.0
Torbay 003C,55.0,26.0,50.0,41.0,45.0,100.0,35.0,17.0,91.0,38.0,69.0,65.0,49.0,17.0,46.0
Torbay 003D,60.0,28.0,55.0,43.0,47.0,103.0,37.0,20.0,94.0,44.0,72.0,68.0,51.0,23.0,49.0
Torbay 003E,58.0,27.0,53.0,41.0,45.0,101.0,35.0,18.0,92.0,42.0,70.0,66.0,49.0,21.0,47.0
Torbay 003F,55.0,23.0,50.0,38.0,42.0,97.0,32.0,15.0,88.0,39.0,66.0,62.0,46.0,18.0,43.0
Torbay 004A,56.0,25.0,51.0,39.0,43.0,98.0,33.0,16.0,89.0,40.0,67.0,63.0,47.0,19.0,45.0
Torbay 004B,56.0,25.0,51.0,40.0,43.0,99.0,34.0,16.0,90.0,40.0,68.0,64.0,47.0,19.0,45.0
Torbay 004C,58.0,26.0,52.0,41.0,44.0,100.0,35.0,17.0,91.0,41.0,69.0,65.0,48.0,20.0,46.0
Torbay 004D,59.0,27.0,53.0,42.0,46.0,101.0,36.0,18.0,92.0,42.0,70.0,66.0,49.0,21.0,47.0
Torbay 005A,61.0,28.0,56.0,44.0,48.0,104.0,39.0,21.0,95.0,45.0,73.0,69.0,52.0,24.0,50.0
Torbay 005B,60.0,28.0,54.0,43.0,47.0,102.0,37.0,19.0,93.0,43.0,71.0,67.0,50.0,22.0,48.0
Torbay 005C,59.0,27.0,53.0,42.0,46.0,101.0,36.0,18.0,92.0,42.0,70.0,66.0,50.0,21.0,47.0
Torbay 005D,62.0,29.0,56.0,45.0,48.0,104.0,39.0,21.0,95.0,45.0,73.0,69.0,52.0,24.0,50.0
Torbay 006A,59.0,28.0,54.0,43.0,46.0,102.0,37.0,19.0,93.0,43.0,71.0,67.0,50.0,22.0,48.0
Torbay 006B,63.0,30.0,57.0,46.0,49.0,105.0,40.0,22.0,96.0,46.0,74.0,70.0,53.0,25.0,51.0
Torbay 006C,60.0,29.0,55.0,44.0,47.0,103.0,38.0,20.0,94.0,44.0,72.0,68.0,51.0,23.0,49.0
Torbay 006D,60.0,29.0,55.0,43.0,47.0,103.0,37.0,20.0,93.0,43.0,71.0,67.0,51.0,22.0,49.0
Torbay 008A,60.0,29.0,55.0,44.0,47.0,103.0,38.0,20.0,94.0,44.0,72.0,68.0,51.0,23.0,49.0
Torbay 008B,57.0,26.0,52.0,41.0,44.0,100.0,35.0,17.0,91.0,41.0,69.0,65.0,48.0,20.0,46.0
Torbay 008C,59.0,28.0,54.0,42.0,46.0,102.0,36.0,19.0,92.0,42.0,71.0,67.0,50.0,21.0,48.0
Torbay 008D,56.0,25.0,51.0,40.0,43.0,99.0,34.0,16.0,90.0,40.0,68.0,64.0,47.0,19.0,45.0
Torbay 010A,60.0,30.0,54.0,45.0,49.0,104.0,39.0,21.0,95.0,43.0,73.0,69.0,53.0,22.0,50.0
Torbay 010B,63.0,32.0,57.0,48.0,52.0,107.0,42.0,25.0,98.0,46.0,76.0,72.0,56.0,25.0,53.0
Torbay 010C,61.0,30.0,56.0,47.0,50.0,106.0,41.0,23.0,97.0,45.0,75.0,71.0,54.0,24.0,52.0
Torbay 010D,61.0,31.0,56.0,45.0,49.0,105.0,39.0,22.0,96.0,45.0,74.0,70.0,53.0,24.0,51.0
Torbay 010E,63.0,32.0,57.0,48.0,52.0,107.0,42.0,25.0,98.0,46.0,76.0,72.0,56.0,25.0,53.0
Torbay 011A,53.0,28.0,48.0,42.0,46.0,102.0,36.0,19.0,93.0,36.0,71.0,65.0,50.0,15.0,48.0
Torbay 011B,54.0,30.0,49.0,44.0,48.0,104.0,39.0,21.0,95.0,38.0,73.0,66.0,52.0,16.0,50.0
Torbay 011C,50.0,25.0,44.0,40.0,44.0,99.0,34.0,17.0,90.0,33.0,68.0,61.0,48.0,12.0,45.0
Torbay 011D,52.0,28.0,47.0,43.0,47.0,102.0,37.0,19.0,93.0,36.0,71.0,64.0,51.0,15.0,48.0
Torbay 011E,53.0,29.0,48.0,44.0,47.0,103.0,38.0,20.0,94.0,37.0,72.0,65.0,51.0,16.0,49.0
Torbay 011F,51.0,26.0,46.0,40.0,44.0,100.0,34.0,17.0,91.0,35.0,69.0,63.0,48.0,13.0,46.0
Torbay 012A,50.0,26.0,45.0,41.0,45.0,100.0,35.0,17.0,91.0,34.0,69.0,62.0,49.0,13.0,46.0
Torbay 012B,52.0,28.0,47.0,42.0,46.0,102.0,37.0,19.0,93.0,35.0,71.0,64.0,50.0,14.0,48.0
Torbay 012C,52.0,28.0,47.0,43.0,47.0,102.0,37.0,19.0,93.0,36.0,71.0,64.0,51.0,15.0,48.0
Torbay 012D,49.0,29.0,44.0,43.0,47.0,102.0,37.0,20.0,93.0,33.0,71.0,61.0,51.0,12.0,49.0
Torbay 012E,51.0,30.0,46.0,44.0,48.0,104.0,38.0,21.0,94.0,35.0,72.0,63.0,52.0,14.0,50.0
Torbay 013A,53.0,34.0,47.0,48.0,52.0,108.0,42.0,25.0,99.0,36.0,77.0,65.0,56.0,15.0,54.0
Torbay 013B,51.0,27.0,45.0,42.0,45.0,101.0,36.0,18.0,92.0,34.0,70.0,62.0,49.0,13.0,47.0
Torbay 013C,49.0,26.0,43.0,41.0,45.0,100.0,35.0,17.0,91.0,32.0,69.0,61.0,49.0,11.0,46.0
Torbay 013D,50.0,28.0,45.0,42.0,46.0,102.0,36.0,19.0,93.0,33.0,71.0,62.0,50.0,12.0,48.0
Torbay 013E,47.0,27.0,42.0,41.0,45.0,101.0,36.0,18.0,92.0,30.0,70.0,59.0,49.0,9.0,47.0
Torbay 013F,48.0,30.0,42.0,45.0,49.0,104.0,39.0,22.0,95.0,31.0,73.0,59.0,53.0,10.0,50.0
Torbay 013G,51.0,27.0,45.0,42.0,46.0,101.0,36.0,18.0,92.0,34.0,70.0,63.0,49.0,13.0,47.0
Torbay 014A,53.0,31.0,48.0,46.0,49.0,105.0,40.0,22.0,96.0,37.0,74.0,65.0,53.0,16.0,51.0
Torbay 014B,51.0,29.0,46.0,43.0,47.0,103.0,38.0,20.0,94.0,35.0,72.0,63.0,51.0,14.0,49.0
Torbay 014C,53.0,33.0,48.0,48.0,52.0,107.0,42.0,24.0,98.0,37.0,76.0,65.0,55.0,16.0,53.0
Torbay 014D,50.0,30.0,45.0,44.0,48.0,104.0,39.0,21.0,95.0,33.0,73.0,62.0,52.0,12.0,50.0
Torbay 014E,49.0,30.0,43.0,45.0,48.0,104.0,39.0,21.0,95.0,32.0,73.0,60.0,52.0,11.0,50.0
Torbay 014F,54.0,34.0,49.0,49.0,52.0,108.0,43.0,25.0,99.0,38.0,77.0,66.0,56.0,16.0,54.0
Torbay 015A,52.0,31.0,46.0,46.0,50.0,105.0,40.0,23.0,96.0,35.0,74.0,63.0,54.0,14.0,51.0
Torbay 015B,51.0,32.0,45.0,47.0,50.0,106.0,41.0,23.0,97.0,34.0,75.0,63.0,54.0,13.0,52.0
Torbay 015C,49.0,31.0,44.0,46.0,49.0,105.0,40.0,22.0,96.0,33.0,74.0,61.0,53.0,12.0,51.0
Torbay 015D,52.0,34.0,47.0,48.0,52.0,108.0,43.0,25.0,99.0,36.0,77.0,64.0,56.0,15.0,54.0
Torbay 015E,50.0,31.0,45.0,46.0,50.0,105.0,40.0,22.0,96.0,33.0,74.0,62.0,54.0,12.0,51.0
Torbay 016A,53.0,34.0,47.0,49.0,53.0,108.0,43.0,25.0,99.0,36.0,77.0,65.0,57.0,15.0,54.0
Torbay 016B,54.0,35.0,49.0,50.0,54.0,109.0,44.0,26.0,100.0,37.0,78.0,66.0,58.0,16.0,55.0
Torbay 016C,55.0,37.0,50.0,51.0,55.0,111.0,45.0,28.0,102.0,39.0,80.0,67.0,59.0,18.0,57.0
Torbay 016D,51.0,33.0,46.0,48.0,51.0,107.0,42.0,24.0,98.0,35.0,76.0,63.0,55.0,14.0,53.0
Torbay 016E,52.0,36.0,47.0,50.0,54.0,110.0,44.0,27.0,100.0,35.0,78.0,64.0,58.0,14.0,56.0
Torbay 017A,60.0,42.0,55.0,56.0,60.0,116.0,50.0,33.0,107.0,44.0,85.0,72.0,64.0,23.0,62.0
Torbay 017B,57.0,38.0,52.0,53.0,57.0,112.0,47.0,30.0,103.0,40.0,81.0,69.0,61.0,19.0,58.0
Torbay 017C,58.0,39.0,52.0,54.0,57.0,113.0,48.0,30.0,104.0,41.0,82.0,69.0,61.0,20.0,59.0
Torbay 017D,60.0,41.0,54.0,56.0,59.0,115.0,50.0,32.0,106.0,43.0,84.0,71.0,63.0,22.0,61.0
Torbay 017E,62.0,43.0,56.0,58.0,62.0,117.0,52.0,34.0,108.0,45.0,86.0,74.0,65.0,24.0,63.0
Torbay 017F,59.0,40.0,54.0,55.0,59.0,114.0,49.0,31.0,105.0,42.0,83.0,71.0,63.0,21.0,60.0
Torbay 017G,61.0,42.0,55.0,57.0,61.0,116.0,51.0,33.0,107.0,44.0,85.0,72.0,64.0,23.0,62.0
Torbay 018A,59.0,41.0,54.0,55.0,59.0,115.0,49.0,32.0,105.0,42.0,83.0,71.0,63.0,21.0,61.0
Torbay 018B,59.0,41.0,54.0,55.0,59.0,115.0,49.0,32.0,106.0,43.0,84.0,71.0,63.0,22.0,61.0
Torbay 018C,59.0,40.0,53.0,55.0,59.0,114.0,49.0,31.0,105.0,42.0,83.0,71.0,63.0,21.0,60.0
Torbay 018D,61.0,42.0,56.0,57.0,61.0,116.0,51.0,34.0,107.0,44.0,85.0,73.0,65.0,23.0,62.0
Torbay 018E,58.0,40.0,53.0,54.0,58.0,114.0,49.0,31.0,105.0,42.0,83.0,70.0,62.0,21.0,60.0
Torbay 019A,55.0,27.0,50.0,42.0,46.0,101.0,36.0,19.0,92.0,38.0,70.0,66.0,50.0,17.0,47.0
Torbay 019B,54.0,24.0,49.0,39.0,43.0,98.0,33.0,15.0,89.0,38.0,67.0,63.0,47.0,17.0,44.0
Torbay 019C,57.0,26.0,52.0,40.0,44.0,100.0,35.0,17.0,91.0,41.0,69.0,65.0,48.0,19.0,46.0
Torbay 019D,55.0,26.0,50.0,41.0,45.0,100.0,35.0,18.0,91.0,38.0,69.0,65.0,49.0,17.0,46.0
Torbay 019E,55.0,27.0,49.0,41.0,45.0,101.0,35.0,18.0,92.0,38.0,70.0,66.0,49.0,17.0,47.0
Torbay 019F,55.0,29.0,49.0,44.0,48.0,103.0,38.0,20.0,94.0,38.0,72.0,66.0,51.0,17.0,49.0
Torbay 019G,54.0,25.0,48.0,40.0,44.0,99.0,34.0,16.0,90.0,37.0,68.0,64.0,48.0,16.0,45.0
Torridge 001A,97.0,86.0,86.0,84.0,80.0,40.0,79.0,89.0,26.0,112.0,34.0,68.0,53.0,97.0,90.0
Torridge 001B,97.0,86.0,86.0,84.0,79.0,39.0,79.0,89.0,26.0,112.0,34.0,68.0,53.0,97.0,89.0
Torridge 001C,96.0,85.0,85.0,83.0,79.0,39.0,78.0,88.0,25.0,111.0,33.0,67.0,52.0,96.0,89.0
Torridge 001D,99.0,88.0,88.0,86.0,81.0,41.0,80.0,90.0,28.0,113.0,36.0,70.0,55.0,99.0,91.0
Torridge 002A,95.0,84.0,84.0,82.0,77.0,37.0,76.0,87.0,24.0,109.0,32.0,66.0,51.0,95.0,87.0
Torridge 002B,92.0,81.0,81.0,80.0,75.0,35.0,74.0,84.0,22.0,107.0,30.0,63.0,49.0,92.0,85.0
Torridge 002C,96.0,85.0,85.0,84.0,79.0,39.0,78.0,88.0,26.0,111.0,33.0,67.0,52.0,97.0,89.0
Torridge 003A,92.0,81.0,80.0,83.0,80.0,40.0,74.0,83.0,27.0,106.0,35.0,63.0,54.0,92.0,88.0
Torridge 003B,93.0,82.0,82.0,84.0,79.0,39.0,75.0,85.0,26.0,108.0,33.0,64.0,52.0,93.0,89.0
Torridge 003C,93.0,82.0,81.0,82.0,77.0,37.0,75.0,84.0,24.0,107.0,32.0,63.0,51.0,93.0,87.0
Torridge 004A,92.0,81.0,80.0,83.0,78.0,38.0,74.0,83.0,25.0,106.0,33.0,63.0,52.0,92.0,88.0
Torridge 004B,93.0,82.0,82.0,84.0,80.0,40.0,75.0,85.0,26.0,108.0,34.0,64.0,53.0,93.0,90.0
Torridge 004C,91.0,80.0,80.0,83.0,78.0,38.0,73.0,83.0,25.0,106.0,33.0,62.0,52.0,92.0,88.0
Torridge 004D,92.0,81.0,81.0,83.0,80.0,40.0,74.0,84.0,27.0,106.0,35.0,63.0,54.0,92.0,89.0
Torridge 004E,90.0,79.0,79.0,82.0,80.0,40.0,72.0,82.0,27.0,105.0,34.0,61.0,53.0,91.0,87.0
Torridge 004F,92.0,81.0,81.0,83.0,81.0,41.0,74.0,84.0,28.0,106.0,36.0,63.0,55.0,92.0,89.0
Torridge 005A,106.0,96.0,95.0,94.0,89.0,49.0,88.0,99.0,36.0,9999.0,44.0,74.0,63.0,107.0,99.0
Torridge 005B,112.0,101.0,101.0,99.0,95.0,55.0,94.0,104.0,41.0,9999.0,49.0,81.0,68.0,112.0,105.0
Torridge 005C,99.0,88.0,88.0,86.0,82.0,42.0,81.0,91.0,29.0,114.0,36.0,70.0,55.0,100.0,92.0
Torridge 005D,89.0,78.0,78.0,81.0,85.0,46.0,71.0,81.0,33.0,104.0,41.0,60.0,60.0,90.0,86.0
Torridge 006A,80.0,69.0,68.0,71.0,75.0,47.0,62.0,71.0,33.0,94.0,32.0,50.0,60.0,80.0,76.0
Torridge 006B,80.0,69.0,69.0,72.0,75.0,47.0,62.0,72.0,34.0,95.0,33.0,51.0,61.0,80.0,77.0
Torridge 006C,80.0,69.0,69.0,72.0,75.0,46.0,62.0,72.0,33.0,95.0,30.0,51.0,58.0,80.0,77.0
Torridge 006D,81.0,69.0,69.0,72.0,76.0,44.0,63.0,72.0,31.0,95.0,30.0,51.0,58.0,81.0,77.0
Torridge 007A,77.0,69.0,66.0,71.0,75.0,59.0,62.0,71.0,45.0,95.0,43.0,48.0,71.0,81.0,76.0
Torridge 007B,78.0,60.0,66.0,62.0,66.0,56.0,53.0,62.0,43.0,85.0,34.0,49.0,56.0,71.0,67.0
Torridge 007C,91.0,70.0,80.0,72.0,76.0,47.0,58.0,73.0,34.0,96.0,25.0,62.0,54.0,81.0,78.0
Torridge 007D,75.0,53.0,63.0,56.0,60.0,59.0,47.0,56.0,46.0,79.0,36.0,45.0,50.0,65.0,61.0
Torridge 008A,95.0,88.0,84.0,91.0,94.0,67.0,81.0,91.0,54.0,115.0,62.0,63.0,81.0,100.0,96.0
Torridge 008B,75.0,68.0,64.0,71.0,75.0,67.0,61.0,71.0,54.0,95.0,58.0,43.0,76.0,81.0,76.0
Torridge 008C,77.0,71.0,65.0,73.0,77.0,70.0,64.0,74.0,57.0,98.0,61.0,45.0,78.0,83.0,79.0
Torridge 008D,84.0,77.0,73.0,80.0,84.0,77.0,70.0,80.0,64.0,104.0,68.0,52.0,85.0,90.0,85.0
Torridge 008E,98.0,89.0,87.0,92.0,95.0,61.0,82.0,92.0,48.0,116.0,55.0,66.0,75.0,101.0,97.0
Torridge 009A,69.0,68.0,58.0,71.0,75.0,85.0,61.0,71.0,72.0,94.0,76.0,37.0,79.0,81.0,76.0
Torridge 009B,76.0,68.0,65.0,70.0,74.0,73.0,61.0,70.0,60.0,94.0,61.0,47.0,71.0,80.0,76.0
Torridge 009C,67.0,59.0,56.0,61.0,65.0,79.0,52.0,61.0,66.0,85.0,65.0,38.0,69.0,71.0,66.0
Torridge 009D,86.0,77.0,74.0,79.0,83.0,60.0,70.0,80.0,47.0,103.0,50.0,56.0,74.0,89.0,85.0
West Devon 001A,62.0,48.0,51.0,50.0,54.0,70.0,41.0,51.0,57.0,73.0,46.0,33.0,47.0,59.0,56.0
West Devon 001B,61.0,53.0,50.0,55.0,59.0,63.0,46.0,55.0,50.0,79.0,48.0,32.0,56.0,65.0,61.0
West Devon 001C,63.0,54.0,51.0,56.0,60.0,80.0,47.0,57.0,67.0,81.0,62.0,33.0,64.0,66.0,62.0
West Devon 001D,68.0,43.0,57.0,45.0,49.0,67.0,36.0,45.0,54.0,68.0,43.0,39.0,42.0,54.0,50.0
West Devon 002A,59.0,42.0,48.0,44.0,48.0,77.0,35.0,45.0,64.0,68.0,53.0,30.0,51.0,54.0,50.0
West Devon 002B,57.0,39.0,46.0,42.0,46.0,77.0,32.0,42.0,63.0,66.0,54.0,28.0,50.0,52.0,47.0
West Devon 002C,57.0,42.0,46.0,45.0,48.0,77.0,35.0,45.0,64.0,69.0,56.0,28.0,52.0,54.0,50.0
West Devon 002D,56.0,41.0,45.0,43.0,47.0,76.0,34.0,44.0,63.0,67.0,55.0,27.0,51.0,53.0,49.0
West Devon 003A,58.0,41.0,47.0,44.0,48.0,85.0,34.0,39.0,71.0,55.0,60.0,38.0,52.0,41.0,49.0
West Devon 003B,64.0,38.0,54.0,41.0,45.0,82.0,32.0,41.0,68.0,60.0,58.0,36.0,49.0,46.0,46.0
West Devon 003C,36.0,61.0,25.0,66.0,70.0,105.0,58.0,46.0,91.0,59.0,86.0,17.0,74.0,44.0,72.0
West Devon 003D,60.0,39.0,48.0,42.0,46.0,80.0,32.0,42.0,67.0,62.0,56.0,30.0,49.0,48.0,47.0
West Devon 004A,53.0,48.0,42.0,51.0,55.0,84.0,41.0,51.0,71.0,75.0,65.0,24.0,58.0,60.0,56.0
West Devon 004B,41.0,59.0,29.0,61.0,65.0,95.0,52.0,62.0,81.0,66.0,76.0,9.0,69.0,58.0,67.0
West Devon 004C,43.0,69.0,32.0,72.0,75.0,105.0,62.0,65.0,91.0,68.0,86.0,9.0,79.0,61.0,77.0
West Devon 004D,53.0,55.0,41.0,58.0,61.0,90.0,48.0,58.0,76.0,78.0,73.0,21.0,65.0,67.0,63.0
West Devon 005A,34.0,60.0,23.0,62.0,66.0,95.0,53.0,56.0,82.0,59.0,77.0,2.0,70.0,52.0,67.0
West Devon 005B,38.0,63.0,26.0,66.0,70.0,99.0,56.0,60.0,86.0,63.0,80.0,4.0,73.0,55.0,71.0
West Devon 005C,35.0,62.0,24.0,65.0,68.0,98.0,55.0,58.0,85.0,60.0,79.0,3.0,72.0,53.0,70.0
West Devon 005D,32.0,60.0,21.0,63.0,67.0,96.0,53.0,56.0,83.0,57.0,77.0,4.0,70.0,50.0,68.0
West Devon 005E,31.0,62.0,20.0,64.0,68.0,97.0,55.0,56.0,84.0,56.0,79.0,6.0,72.0,49.0,70.0
West Devon 005F,35.0,61.0,23.0,63.0,67.0,96.0,54.0,55.0,83.0,60.0,78.0,8.0,71.0,52.0,68.0
West Devon 005G,31.0,66.0,20.0,68.0,72.0,102.0,59.0,56.0,88.0,56.0,83.0,8.0,76.0,49.0,74.0
West Devon 006A,26.0,66.0,15.0,71.0,75.0,107.0,64.0,51.0,94.0,51.0,88.0,16.0,78.0,44.0,76.0
West Devon 006B,38.0,51.0,26.0,54.0,57.0,87.0,44.0,54.0,74.0,63.0,68.0,9.0,61.0,55.0,59.0
West Devon 006C,26.0,66.0,15.0,69.0,73.0,102.0,60.0,51.0,89.0,51.0,84.0,11.0,77.0,44.0,74.0
West Devon 006D,27.0,67.0,16.0,70.0,73.0,103.0,60.0,52.0,90.0,52.0,84.0,11.0,77.0,45.0,75.0
West Devon 007A,34.0,74.0,23.0,77.0,81.0,110.0,68.0,60.0,97.0,60.0,92.0,16.0,85.0,52.0,83.0
West Devon 007B,34.0,74.0,24.0,76.0,80.0,110.0,67.0,60.0,96.0,60.0,91.0,15.0,84.0,52.0,82.0
West Devon 007C,29.0,69.0,18.0,74.0,78.0,109.0,67.0,54.0,96.0,54.0,91.0,17.0,82.0,47.0,79.0
West Devon 007D,25.0,65.0,14.0,70.0,74.0,109.0,64.0,50.0,95.0,50.0,90.0,17.0,78.0,43.0,76.0
